Id,Name,Type,Address
03336655-5685-41dc-bd59-fca3697a9223,요거프레소,요거프레소 강북구 56호점,광주광역시 관악구 70길 85
aabb7da3-bfb6-4bd7-b033-761c95060643,할리스,할리스 금천구 46호점,이천시 금천구 93길 73
97ac4854-4bf0-4f1c-b9a2-3a1383df4206,매머드커피,매머드커피 강북구 78호점,의왕시 강서구 42길 59
7f029494-3bad-41ff-85b0-8f432f9e3b6b,빽다방,빽다방 광진구 52호점,고양시 은평구 34길 69
090f2cb5-d923-45ee-8b25-450515e2439d,떼루와,떼루와 종로구 51호점,의정부시 영등포구 27길 34
7758b6e0-e660-496e-91e9-bfe95f837851,메가MGC커피,메가MGC커피 동대문구 58호점,안양시 송파구 54길 22
7f15ef62-86eb-4d56-9fcf-d0100146efea,탐앤탐스,탐앤탐스 중랑구 8호점,수원시 서초구 42길 45
f6887f3e-3cb4-42ae-8f7b-6ae3a413ea84,할리스,할리스 동작구 61호점,과천시 성동구 50길 47
5e903e6b-6b0b-4c40-be57-e2b27bdd0aa4,빽다방,빽다방 용산구 12호점,서울특별시 동작구 91길 64
e1e1298b-7ee3-46f2-aa1d-6069afe28219,셀렉토커피,셀렉토커피 중구 27호점,부천시 송파구 47길 73
cc7fa8e8-0b5f-4c84-a5ad-6aa6691ff8aa,커피빈,커피빈 양천구 79호점,대구광역시 성북구 52길 59
755cbd5e-716f-43cf-abb7-4e7ab498be9e,만랩커피,만랩커피 강북구 71호점,안성시 관악구 42길 84
70e97c4d-f4bc-4644-872e-e6ba4b331edb,셀렉토커피,셀렉토커피 중랑구 23호점,동두천시 관악구 69길 96
55bad83a-5d78-4f45-baf7-7b002375b9e5,커피빈,커피빈 강서구 66호점,과천시 서초구 79길 51
9b2a6aa4-61f8-4a1c-8b37-d03b66e0f32a,스타벅스,스타벅스 관악구 24호점,이천시 용산구 17길 63
e2b531f3-810d-4792-a453-8070ae82e7d3,탐앤탐스,탐앤탐스 은평구 87호점,이천시 강북구 31길 43
6ae3e10d-5352-4a0b-84e1-fde686d9d27e,폴바셋,폴바셋 도봉구 22호점,부산광역시 중랑구 62길 32
9787a43f-8ac3-400d-9aeb-67a8a2c66b07,폴바셋,폴바셋 성북구 82호점,이천시 강남구 33길 11
44039198-8d5c-4781-8069-bc31c33ee0ae,매머드커피,매머드커피 성동구 96호점,세종특별자치시 동작구 11길 14
730cfa26-87b1-424e-ba22-95c6f849e69b,바나프레소,바나프레소 광진구 72호점,과천시 관악구 15길 41
5ab39a19-e236-4c20-b43c-23849ea2647a,커피베이,커피베이 강남구 56호점,안양시 양천구 9길 44
ff3d91ae-5db7-40a6-9bdd-e2ca4e20225e,메가MGC커피,메가MGC커피 노원구 68호점,의왕시 노원구 47길 84
7b6061c8-3876-4cf4-9ef5-7c3e93b0be20,컴포즈커피,컴포즈커피 중구 1호점,고양시 동작구 22길 88
129abcaf-563a-4575-9f9e-c22daaaf1eca,메가MGC커피,메가MGC커피 성북구 57호점,양주시 광진구 69길 70
146df6e8-d291-49ab-bf71-1b3a47f4121c,만랩커피,만랩커피 도봉구 63호점,부산광역시 성북구 96길 69
030d2580-64ba-4a51-874e-7bfa70f1994a,탐앤탐스,탐앤탐스 종로구 41호점,김포시 서초구 54길 78
dfb4282b-c114-4e7c-aee8-74b07d6ee0f7,셀렉토커피,셀렉토커피 강서구 5호점,오산시 송파구 10길 71
d95d3019-7d88-40ae-808d-e18cb756996b,요거프레소,요거프레소 서대문구 91호점,대전광역시 중구 23길 10
b289bc36-825b-4ec5-b604-768333e1e8bc,탐앤탐스,탐앤탐스 강동구 26호점,양주시 광진구 85길 73
dc171eca-c5d9-4992-993f-1fa163c9a755,바나프레소,바나프레소 구로구 29호점,용인시 노원구 71길 78
2a3ca4be-978f-4ccd-b400-8359347d06bf,만랩커피,만랩커피 금천구 65호점,부산광역시 영등포구 90길 1
ceb79a39-28c4-4b5b-a1f1-2faf70efd463,만랩커피,만랩커피 중구 42호점,안양시 은평구 2길 64
7664c4cf-ff0e-41cf-bffb-9bc7b1bf2e7c,탐앤탐스,탐앤탐스 강서구 22호점,하남시 중랑구 6길 60
8d9fdcb0-5ebc-40d1-b80a-72f577a8d2b0,메가MGC커피,메가MGC커피 마포구 40호점,의왕시 서대문구 51길 3
77e11eb5-5d18-4b5c-96ca-25c6d2cd66ab,아티제,아티제 종로구 14호점,오산시 영등포구 95길 12
209f4cdf-fa48-42ac-b27b-d4f16b81ef54,만랩커피,만랩커피 노원구 34호점,인천광역시 은평구 6길 52
904e367b-7a33-4438-b7a1-834b27537e88,더벤티,더벤티 도봉구 81호점,시흥시 구로구 86길 7
93182304-7e54-4906-b9ff-4a9bd9d7124a,디저트39,디저트39 동작구 28호점,동두천시 광진구 98길 90
bd7f6ba1-7ea0-4212-9166-39d488b035b4,아티제,아티제 서초구 4호점,과천시 관악구 99길 67
691174b1-f3c7-4337-8101-4819b6d63f23,폴바셋,폴바셋 송파구 36호점,광명시 송파구 7길 60
3518ebfc-0ea3-4f23-b770-5eab0a69ebcf,더벤티,더벤티 용산구 2호점,평택시 영등포구 60길 50
2a242962-0a3a-4f38-9418-9eca1b1e7ae9,더벤티,더벤티 광진구 14호점,양주시 강서구 43길 65
e21ad2de-4c8e-4881-9eb9-4ed55fce6bbc,만랩커피,만랩커피 마포구 83호점,수원시 강동구 16길 4
38642c84-4b8d-47fe-83ba-e6c8b6ebc77b,커피베이,커피베이 강서구 19호점,의정부시 금천구 95길 21
2bcf4b22-ed8c-4cc2-82a2-59a1af383f34,디저트39,디저트39 서초구 83호점,과천시 광진구 44길 30
b7a8a482-9477-48c2-8dc7-2e36c8dee21c,매머드커피,매머드커피 용산구 17호점,용인시 양천구 89길 76
e1463569-10f8-4575-8578-42b4516c8221,투썸플레이스,투썸플레이스 구로구 44호점,대전광역시 강서구 35길 42
354c826a-bc8b-49cf-a7de-0003d194fef8,이디야,이디야 양천구 82호점,오산시 강북구 31길 46
797166eb-64b1-4c27-9aaa-7fd628d681e5,이디야,이디야 강북구 49호점,구리시 성북구 18길 60
02f783ac-86c2-4f8d-ac8f-a19f5c7749a4,디저트39,디저트39 중랑구 84호점,시흥시 금천구 56길 67
22d49554-78de-494f-ba3e-eb4bd7e93a00,엔제리너스,엔제리너스 종로구 100호점,광주광역시 서대문구 13길 15
2d2d106c-fd6e-44c6-8e0e-b917b9aabdee,스타벅스,스타벅스 강북구 94호점,평택시 도봉구 14길 95
eb4bd320-cd04-48bd-bc14-e088a0b87fdd,커피빈,커피빈 강남구 96호점,의정부시 광진구 100길 70
f775e501-7c99-41a2-9e39-7fbb61b4c9b2,이디야,이디야 성동구 76호점,군포시 서대문구 45길 55
e351d421-1bcc-48e5-b4d5-2959b90fe762,바나프레소,바나프레소 서대문구 70호점,안성시 중랑구 3길 13
e7360d94-3924-4eed-9902-ae4c7936341c,커피베이,커피베이 중랑구 90호점,광주광역시 노원구 99길 52
a9a96725-7a71-4b60-8a49-fb952be56acc,바나프레소,바나프레소 서대문구 74호점,동두천시 관악구 10길 95
0c75899c-5134-4677-b2cc-cf8c6d44c161,커피베이,커피베이 중구 51호점,인천광역시 성동구 33길 80
ee46e156-27c4-4748-8307-6c9a8e40354f,스타벅스,스타벅스 중구 32호점,광주광역시 금천구 67길 91
b9d1702d-c63f-44ca-a407-227dbd33ee85,폴바셋,폴바셋 은평구 91호점,의왕시 성동구 92길 12
53b8059b-4c11-4b72-b5dc-da51e5c2d396,투썸플레이스,투썸플레이스 성동구 96호점,군포시 성북구 48길 44
3d2af036-6424-4edd-8b83-45d302e367e6,셀렉토커피,셀렉토커피 강남구 60호점,의왕시 중랑구 1길 3
246f8bfb-0dcd-4d00-93ef-43bb082aadd0,할리스,할리스 강서구 58호점,구리시 서초구 58길 14
306b5213-745e-4593-9a9e-b49268ce84c7,커피빈,커피빈 도봉구 42호점,하남시 강남구 10길 31
7d9c3770-9160-414f-9497-42c324f0d9dd,메가MGC커피,메가MGC커피 성동구 8호점,성남시 송파구 11길 97
fb06730c-9f50-4fff-88b4-a21a0a62629c,만랩커피,만랩커피 금천구 47호점,성남시 동작구 6길 37
322d5416-99fb-47af-91ac-9796e2c8a8ff,탐앤탐스,탐앤탐스 용산구 42호점,파주시 강동구 49길 22
fe7cdc70-6cb4-4ecc-978e-00e83b7ed772,이디야,이디야 강북구 42호점,인천광역시 금천구 99길 25
d8c6e9c3-28c9-4705-ab7b-c7fb75f18847,셀렉토커피,셀렉토커피 영등포구 61호점,안양시 양천구 40길 8
21496542-5388-4100-b38f-24f22db58c50,매머드커피,매머드커피 서대문구 27호점,서울특별시 서대문구 87길 19
34ba788a-e727-4a68-b6f0-e96477cddcc5,떼루와,떼루와 서초구 61호점,군포시 서초구 81길 20
c9feab11-c8c4-4a58-8d39-3a69d3196ef0,바나프레소,바나프레소 은평구 41호점,남양주시 은평구 2길 40
c1add1d8-3c2b-4a8f-90ee-7fdffa8d1707,스타벅스,스타벅스 구로구 86호점,대전광역시 성동구 45길 54
9b38a300-ab81-4ca9-9999-20dfd1cfdaf7,할리스,할리스 성북구 73호점,고양시 동작구 74길 37
e8817484-d962-4b15-9d8d-3f44985d5ef9,폴바셋,폴바셋 구로구 66호점,시흥시 양천구 22길 63
36044c07-a511-472e-ad72-992325c4892c,할리스,할리스 도봉구 48호점,대전광역시 동작구 65길 90
e816e617-3c97-4744-9222-ce5758985af6,더벤티,더벤티 중구 57호점,의정부시 성동구 55길 82
d982de6d-7e99-4970-bcfd-7331fac2d043,커피빈,커피빈 송파구 60호점,안양시 도봉구 60길 48
97988460-393d-4e74-bb00-ac988cfe8785,만랩커피,만랩커피 구로구 34호점,고양시 동작구 44길 30
d9a8830a-0ec6-48ae-a526-585f4e47bda1,엔제리너스,엔제리너스 서대문구 55호점,안양시 은평구 70길 50
ed4318b8-8a88-4467-9a04-79eabd46c542,할리스,할리스 강동구 43호점,의정부시 은평구 55길 82
c1bb332a-ddc2-44dd-bd6e-f5564959ba06,디저트39,디저트39 송파구 73호점,광주광역시 종로구 11길 73
ac257cb3-de6c-4db5-b430-950f6c831343,투썸플레이스,투썸플레이스 광진구 14호점,인천광역시 서대문구 4길 37
6ec6abfb-3974-4683-9b75-a506086f5a9a,폴바셋,폴바셋 강북구 6호점,김포시 도봉구 30길 75
8db645b2-1376-4655-b870-e549cc784601,컴포즈커피,컴포즈커피 은평구 66호점,이천시 강북구 76길 87
077b7c2e-56d1-4ff5-8390-bbe71ef0def5,컴포즈커피,컴포즈커피 은평구 5호점,양주시 강동구 72길 39
6ff1d721-f6c5-470e-9a8c-e9d7d46308e7,탐앤탐스,탐앤탐스 강서구 63호점,서울특별시 서대문구 39길 2
f138d522-4464-415e-8d60-aec5c0d0c0f1,빽다방,빽다방 동대문구 54호점,대구광역시 강동구 53길 62
cc5aa21c-cd09-40eb-a3e3-55f1a4f09d16,이디야,이디야 노원구 95호점,수원시 양천구 75길 98
cff71605-753d-446f-ba19-8c442a9ef5ca,만랩커피,만랩커피 종로구 54호점,대전광역시 중구 6길 24
6e5c5950-1d50-4f96-8864-47ce0a03ef3c,이디야,이디야 강남구 32호점,안산시 강동구 77길 99
97a162c7-0665-434b-8ac0-747872d86e71,스타벅스,스타벅스 강남구 93호점,하남시 종로구 84길 50
c18db2b6-23cf-412b-9556-4b108697d22d,스타벅스,스타벅스 성동구 65호점,울산광역시 성동구 61길 47
c64e3bbd-80a5-4961-bf08-a2071f812183,투썸플레이스,투썸플레이스 동대문구 18호점,하남시 구로구 4길 31
1cf82e29-18a5-46f1-a48c-21402a768622,떼루와,떼루와 동작구 55호점,과천시 노원구 11길 40
5ec0f467-1b6f-4e0b-b7d0-dd095fc4208f,스타벅스,스타벅스 송파구 62호점,광주광역시 양천구 55길 44
046a5e35-ce93-4ab9-af2e-2c0d7fe31fa1,빽다방,빽다방 양천구 77호점,부천시 구로구 82길 21
c9d59789-c47d-4c02-95aa-b2cccb659ff9,이디야,이디야 구로구 65호점,울산광역시 노원구 6길 41
376568ee-4378-4a22-acea-5e1daa3aa8cf,메가MGC커피,메가MGC커피 영등포구 88호점,군포시 종로구 1길 61
1a2d0e66-4543-474e-9ae1-89ba4fb07a1a,이디야,이디야 강남구 35호점,양주시 금천구 38길 4
14b63cc4-728d-4796-a915-5f848c650a3f,투썸플레이스,투썸플레이스 관악구 25호점,부천시 서대문구 81길 66
8420bcd6-047e-4eb2-aa6f-3771e830c634,이디야,이디야 서초구 98호점,포천시 은평구 94길 53
b6aa4486-7203-4b57-9d1d-6b684d7aad40,더벤티,더벤티 동대문구 66호점,대구광역시 서초구 43길 67
cf68ca8f-d14e-4346-984b-d7a4f48380a3,엔제리너스,엔제리너스 서초구 18호점,성남시 구로구 36길 25
3b4cadd8-08e3-4865-90eb-fd901e6fda03,컴포즈커피,컴포즈커피 노원구 69호점,김포시 강동구 7길 64
b8e723ee-d9e3-4521-bed6-c9cc7a9a2cd6,투썸플레이스,투썸플레이스 종로구 2호점,수원시 구로구 39길 92
f1946a82-5b05-4422-b793-019aa3f1b4bd,이디야,이디야 광진구 81호점,부산광역시 서대문구 90길 3
cb5e6e74-45b0-4c21-a146-4d77bb830065,탐앤탐스,탐앤탐스 동대문구 53호점,포천시 강북구 77길 53
4a45bdb9-bb41-42e4-b5f3-58b89f69b978,할리스,할리스 성북구 23호점,광주광역시 종로구 3길 72
4b75a046-c5fe-48e1-8528-c6396c48384f,스타벅스,스타벅스 강동구 41호점,대구광역시 노원구 91길 87
67a73d92-27cb-4ee2-a19b-87fe2ca5382c,탐앤탐스,탐앤탐스 용산구 82호점,대전광역시 동작구 34길 40
3b56f515-ef3f-4636-8391-1125e9c956c3,빽다방,빽다방 은평구 73호점,시흥시 광진구 43길 72
6d7312b4-b9ed-4f7a-b0da-f50c85cb8604,할리스,할리스 서초구 100호점,부천시 성동구 5길 60
306d3e50-31b1-446a-983c-f93f2b1fb75e,만랩커피,만랩커피 금천구 64호점,김포시 성북구 37길 94
50771335-5cd4-4f19-93ca-da8062cef09f,폴바셋,폴바셋 동대문구 94호점,인천광역시 마포구 19길 95
7dbc1409-efa1-49b2-a9d6-08b89cdb0863,메가MGC커피,메가MGC커피 서초구 55호점,이천시 강동구 54길 6
69073253-51a7-464d-a5bc-7ddea11529e7,커피빈,커피빈 성북구 79호점,파주시 양천구 53길 2
8eeeb033-cc21-470d-b508-2d0f67b43141,탐앤탐스,탐앤탐스 동대문구 58호점,이천시 강남구 75길 86
16079bc2-bb21-49bb-b002-f279ebb6ec15,탐앤탐스,탐앤탐스 강서구 83호점,대전광역시 종로구 47길 82
244a4e49-ad3f-4945-b7db-ea351bf85d6a,커피빈,커피빈 영등포구 89호점,하남시 강남구 74길 92
85cca371-6eca-4a66-90a7-85110164431e,이디야,이디야 관악구 28호점,화성시 광진구 91길 29
4ef18e5b-e202-4851-8d32-781a2f55b5e3,커피베이,커피베이 금천구 21호점,오산시 강동구 92길 39
992c50ce-a205-4182-810b-49476645b2f6,더벤티,더벤티 마포구 100호점,울산광역시 강남구 77길 75
b0b7dbea-d166-4af7-b0fb-3e163acb5e96,만랩커피,만랩커피 용산구 37호점,인천광역시 강북구 13길 82
3fbfceff-2611-497d-b1e1-6fbbcc59ad91,엔제리너스,엔제리너스 강북구 24호점,오산시 서대문구 59길 34
0ea7acdb-b478-4d2d-b1de-ed8472417eb3,만랩커피,만랩커피 서대문구 73호점,부천시 금천구 63길 3
7b467b3b-185d-40c6-a24f-60775b9d7f2b,더벤티,더벤티 광진구 25호점,양주시 서초구 81길 40
5df034d7-09e1-463a-9fc8-318f8a1e8355,메가MGC커피,메가MGC커피 노원구 40호점,의왕시 도봉구 2길 78
d82749be-6841-4b9f-9acf-f2e573ec02de,만랩커피,만랩커피 양천구 58호점,울산광역시 성북구 37길 42
ecf73517-ee6d-41f2-a9d4-b0439bcb1502,탐앤탐스,탐앤탐스 성북구 37호점,안성시 금천구 46길 98
cc3cf707-2e48-4906-a7d3-fe327f7831d8,빽다방,빽다방 성동구 9호점,부천시 중랑구 98길 33
22b2c4a0-b8f0-4298-a904-4054738e2349,빽다방,빽다방 영등포구 84호점,평택시 노원구 34길 20
28ed8346-180b-46ee-ac8d-c4d7b385278a,메가MGC커피,메가MGC커피 노원구 73호점,화성시 은평구 57길 41
a7435dc5-dc65-4901-b09f-319335748723,이디야,이디야 구로구 50호점,대구광역시 동대문구 20길 56
3c2148cf-81c9-4bb3-a3a5-228241945dcf,매머드커피,매머드커피 동대문구 99호점,과천시 금천구 79길 29
65437f0c-ab7d-4bba-9685-21282ad1e69d,요거프레소,요거프레소 광진구 34호점,광명시 종로구 58길 62
005c7160-5c4d-4997-af9b-a7aac5348ff8,디저트39,디저트39 강서구 20호점,울산광역시 금천구 36길 82
6434b9ca-115c-45be-9337-4cb1c57c4756,만랩커피,만랩커피 종로구 58호점,부산광역시 은평구 11길 50
f219c4a6-33fe-4582-9643-792b44efb373,떼루와,떼루와 마포구 55호점,인천광역시 관악구 99길 64
be9d6c4c-d7ed-44cc-8d99-fd94f0d3a663,스타벅스,스타벅스 성북구 36호점,성남시 광진구 69길 19
e95684c1-65de-43c0-ba52-701119c127d1,만랩커피,만랩커피 금천구 61호점,여주시 강서구 35길 57
da993ad9-a3ea-44e9-b12f-f03316e62026,만랩커피,만랩커피 성동구 6호점,부천시 성북구 78길 22
da839f6e-00a4-4aa7-844b-82fd9c034e1d,떼루와,떼루와 동작구 13호점,세종특별자치시 성동구 14길 31
be6261e5-51d8-4540-94b5-01e44859e0cb,커피베이,커피베이 송파구 78호점,화성시 금천구 53길 9
4f5f3e2d-7f64-4001-9fe3-892cd91508ef,컴포즈커피,컴포즈커피 양천구 6호점,울산광역시 은평구 86길 33
0b59c425-9713-45dc-95cf-84e6c9da7689,커피베이,커피베이 성북구 35호점,의정부시 중구 28길 60
1d1ebd74-c071-400f-9a06-de76fe36a799,컴포즈커피,컴포즈커피 금천구 20호점,인천광역시 영등포구 11길 4
d0c0049a-c206-4b57-9851-169012685a54,바나프레소,바나프레소 은평구 27호점,수원시 강남구 60길 71
9eb7fc7a-cc00-427d-a2c3-8f3aaf7f1100,커피베이,커피베이 동작구 84호점,하남시 송파구 23길 56
ab029052-46b6-4f12-b8f3-e773a391c70a,메가MGC커피,메가MGC커피 양천구 45호점,광명시 금천구 64길 61
adf12506-3548-4779-aa6d-e8c4cbf1bccc,매머드커피,매머드커피 강남구 42호점,울산광역시 종로구 74길 99
140454e7-a74e-46bb-9bb4-9d17d400d0b8,요거프레소,요거프레소 중랑구 55호점,고양시 송파구 66길 46
a25409af-53f3-485f-a4b6-414f61651c65,폴바셋,폴바셋 중구 68호점,부천시 서초구 53길 88
9d7b5f80-12f3-4813-8d6b-07dcd00ae8af,폴바셋,폴바셋 영등포구 87호점,광명시 서대문구 10길 94
045e5ae4-0975-477e-ae96-f61cbecf7f04,커피빈,커피빈 영등포구 40호점,파주시 양천구 94길 4
bf86c520-75a6-4f0c-9648-b221c46aff9f,바나프레소,바나프레소 종로구 21호점,군포시 구로구 81길 7
2723739f-99e9-446d-95f0-afa39825da02,빽다방,빽다방 중랑구 76호점,양주시 성동구 78길 99
ee021183-5d4d-4057-a9ad-d803d1df15ac,커피빈,커피빈 양천구 37호점,용인시 광진구 62길 36
fe86c16c-a84a-4089-95a6-013792cdbc4a,탐앤탐스,탐앤탐스 강남구 94호점,포천시 송파구 39길 36
090d4315-5539-4781-bf73-9986ca5dfac8,빽다방,빽다방 마포구 12호점,광주광역시 광진구 79길 50
23f8c34b-3ec4-49e8-98e9-f5f6acf1676e,매머드커피,매머드커피 관악구 91호점,이천시 강남구 60길 73
1aff0c8b-a015-49d4-a1f6-1e3a6227a31f,메가MGC커피,메가MGC커피 서초구 36호점,울산광역시 양천구 69길 61
f591fc69-f30f-4b68-b1ce-cfb7823e11ae,셀렉토커피,셀렉토커피 은평구 6호점,울산광역시 금천구 6길 1
59e6353a-b28b-4c82-aa13-7ec660eec9cb,빽다방,빽다방 은평구 9호점,울산광역시 성북구 72길 32
62215f37-8e45-4b03-a25c-17bb555dd741,떼루와,떼루와 성동구 68호점,광주광역시 송파구 17길 81
61bc1e8c-b627-4597-934a-a60fbe3e2e4d,투썸플레이스,투썸플레이스 금천구 93호점,성남시 동작구 61길 16
54264c2b-e2b0-4e2e-8000-e7b3a129f876,폴바셋,폴바셋 마포구 18호점,김포시 서초구 76길 43
ce048013-aa6a-4ad1-997b-1963052ee010,엔제리너스,엔제리너스 서대문구 87호점,대구광역시 강동구 89길 94
449e1877-9525-4d56-984e-b7f963a60e4e,할리스,할리스 용산구 49호점,부천시 서초구 19길 36
7e812f47-64fe-4aa8-8f58-7eb9c32ed99c,스타벅스,스타벅스 관악구 27호점,대전광역시 성동구 70길 47
cd486803-77b9-42eb-a96d-0b49a54ce2b6,폴바셋,폴바셋 서초구 48호점,동두천시 서초구 52길 22
a459ef08-1a41-4fee-bf73-471439f7d98f,엔제리너스,엔제리너스 영등포구 21호점,군포시 관악구 59길 56
9eeea767-f6a6-4cab-ba33-7b9e3c71ba34,컴포즈커피,컴포즈커피 관악구 16호점,구리시 양천구 2길 87
7f8e8c21-ba32-4cf1-ba8b-0b724d7b921a,커피베이,커피베이 성북구 20호점,안성시 금천구 18길 52
b371a313-3ae6-4949-8004-3b6e3deb7566,커피빈,커피빈 영등포구 18호점,세종특별자치시 강서구 10길 24
688beb6d-40f7-4a77-9b9a-f8fe3f2d3d70,떼루와,떼루와 금천구 52호점,세종특별자치시 서대문구 1길 40
49cce80f-24a5-4466-a841-7e1114eb1706,이디야,이디야 마포구 60호점,광주광역시 용산구 28길 68
a810d49a-c651-45aa-9be3-748339b21694,바나프레소,바나프레소 구로구 28호점,안성시 용산구 42길 3
0fc0ba23-3d85-4201-a966-b58d25bbc3ed,엔제리너스,엔제리너스 강북구 54호점,여주시 관악구 48길 54
80c779ff-44ab-435a-bcf1-2e30b0dfef95,커피빈,커피빈 양천구 70호점,의왕시 금천구 8길 100
40c8f71f-3210-4e42-9c79-94e1ef6f2aac,떼루와,떼루와 서초구 40호점,울산광역시 양천구 21길 38
0e11c37e-4192-4240-aaaa-616092c0cfdf,폴바셋,폴바셋 구로구 47호점,성남시 강남구 33길 73
d55eaa9d-3510-4952-a5d4-52740798da5a,커피빈,커피빈 광진구 15호점,성남시 양천구 52길 41
629e67f3-5af1-45bc-a0cc-4cc25fea830c,커피빈,커피빈 동작구 2호점,광명시 종로구 2길 79
89a352b6-081c-4ace-96ef-dc4598a3ad16,투썸플레이스,투썸플레이스 종로구 58호점,대전광역시 성동구 40길 13
ae9ba72c-3dfd-4c43-b313-661e1608610b,더벤티,더벤티 종로구 13호점,남양주시 성북구 71길 96
1a167a89-6db8-4ae7-828e-fc8b470e2500,메가MGC커피,메가MGC커피 강남구 78호점,시흥시 마포구 50길 99
b51ca021-95fa-4279-a535-59f0b0b78a1f,스타벅스,스타벅스 관악구 98호점,안양시 중랑구 83길 52
75bb7d9e-dd30-4b0a-b7e4-929b729ea94e,컴포즈커피,컴포즈커피 은평구 58호점,포천시 용산구 97길 11
806c95a1-d059-40a4-a245-435e0171d325,떼루와,떼루와 서대문구 5호점,과천시 구로구 24길 96
551c3e67-f823-4aae-87fa-7a7088df5361,메가MGC커피,메가MGC커피 금천구 78호점,시흥시 동작구 93길 88
1c3fb773-4936-4b40-b230-1cff1210b2ce,스타벅스,스타벅스 강동구 21호점,수원시 도봉구 88길 86
3f89b788-d10e-463b-b7d6-629dfb149b1e,투썸플레이스,투썸플레이스 은평구 17호점,대전광역시 서초구 89길 4
e7d922a5-9c22-4ef1-9dc3-f00264f1f002,투썸플레이스,투썸플레이스 동대문구 37호점,고양시 금천구 54길 55
ee91098c-1f7b-4151-9a27-367e3fd2ba1b,만랩커피,만랩커피 강서구 40호점,파주시 광진구 61길 9
1e328864-74a4-4e9f-8fc5-9af23ce259f3,메가MGC커피,메가MGC커피 강동구 9호점,부산광역시 송파구 45길 77
d6a593e9-ffd8-4fa0-8d38-c0817cd0dd9c,폴바셋,폴바셋 동작구 35호점,시흥시 금천구 98길 50
777b4878-b006-4797-8c72-86dbda93df5b,만랩커피,만랩커피 구로구 17호점,과천시 도봉구 60길 61
bc38698d-05ed-4fc8-958d-d63d1ec996f4,커피빈,커피빈 용산구 55호점,시흥시 금천구 14길 8
8112d20f-b395-4a6d-bae5-9d34ce09a2aa,커피베이,커피베이 노원구 78호점,부산광역시 서초구 59길 27
10109183-22e5-4d35-9816-e8216ba5aedb,할리스,할리스 종로구 27호점,부산광역시 서초구 96길 90
404f30ab-1d86-4e1f-986d-365ef6dbd90e,커피베이,커피베이 노원구 62호점,용인시 광진구 14길 97
181155c9-139f-4957-8553-780417700d05,투썸플레이스,투썸플레이스 중랑구 84호점,포천시 서대문구 16길 64
4e96e8af-46a4-4ff9-9680-df2358f5c359,떼루와,떼루와 강남구 49호점,대전광역시 강북구 100길 82
bf42c6fa-43e7-4bd1-9377-772b8be8cfe6,디저트39,디저트39 용산구 45호점,이천시 강남구 46길 16
de1d4704-a4ba-4c75-8908-5df26d879b03,바나프레소,바나프레소 서대문구 77호점,평택시 관악구 48길 38
46da2d87-bdbf-4563-a81c-f844e23375b3,더벤티,더벤티 도봉구 37호점,광주광역시 중랑구 42길 93
9eed3af3-3817-4e44-a07f-23323304c392,만랩커피,만랩커피 동작구 23호점,고양시 용산구 3길 41
855d079b-1bda-4296-a14b-32f8539b1861,커피베이,커피베이 용산구 51호점,대구광역시 강북구 26길 96
ca4eeebe-be15-4206-8768-3be686d1c213,커피베이,커피베이 도봉구 62호점,광명시 강남구 25길 55
98b62c09-1226-4e04-9ba1-8f9cb5f0e42e,바나프레소,바나프레소 성동구 53호점,의정부시 은평구 4길 84
17e4b880-41b2-4fd9-af63-0fd0c67ab448,할리스,할리스 구로구 62호점,동두천시 영등포구 91길 38
245ed223-bc73-4556-b77d-3513cb2e686a,빽다방,빽다방 동작구 45호점,여주시 종로구 59길 14
45732fae-c43f-4035-8baf-18dc3f0826ec,만랩커피,만랩커피 강북구 74호점,울산광역시 서대문구 63길 33
f118dba2-a90a-4b58-864b-a74b87390bdb,투썸플레이스,투썸플레이스 중구 48호점,평택시 노원구 19길 53
e2681d24-22ca-492a-98d8-d621dd216202,만랩커피,만랩커피 용산구 10호점,하남시 도봉구 58길 88
cf08fbd4-e595-45d4-ba5b-e8af61eeb90b,투썸플레이스,투썸플레이스 노원구 83호점,광명시 노원구 74길 25
dd8b499c-f9c8-4cd3-81fd-a9e987a7ac86,컴포즈커피,컴포즈커피 성북구 48호점,서울특별시 중랑구 46길 81
2c22b583-0701-4fb8-b09e-918995138ffc,할리스,할리스 강남구 25호점,의왕시 강남구 81길 51
bd0d3431-4402-4d7b-aaac-a1233b843749,요거프레소,요거프레소 강남구 49호점,오산시 서초구 41길 19
1d5fc3dd-fd6b-41ee-ae6d-af046d5df562,투썸플레이스,투썸플레이스 관악구 89호점,서울특별시 영등포구 85길 49
20f6458f-5293-4b55-989c-987b564a5893,바나프레소,바나프레소 중랑구 31호점,안산시 노원구 78길 86
7292d1d0-3346-44ad-98f3-58ab1b850821,매머드커피,매머드커피 중랑구 10호점,동두천시 성동구 93길 100
8650c06c-ada0-476f-bfda-cbf35822953e,투썸플레이스,투썸플레이스 동작구 89호점,광주광역시 중구 1길 11
b9936576-95cd-4e2f-9541-eca54c4be1e5,더벤티,더벤티 마포구 68호점,고양시 금천구 46길 67
f6615282-0415-4db9-882f-525a2e4f9fad,이디야,이디야 동대문구 79호점,여주시 광진구 37길 36
c814bddd-8fc1-4520-b870-0d8796277378,커피베이,커피베이 강동구 32호점,세종특별자치시 종로구 63길 73
1ba86cae-289a-49de-b57f-6a68936d08bd,컴포즈커피,컴포즈커피 동작구 92호점,남양주시 광진구 81길 51
740ec2c2-512a-4f5a-b42a-e1c667a69140,셀렉토커피,셀렉토커피 강서구 67호점,용인시 성북구 28길 63
423d5405-1d19-4d04-934b-c4d8a15d977c,스타벅스,스타벅스 도봉구 30호점,김포시 송파구 97길 46
1bb7d3ab-636b-4b04-a69a-933fe90cf5b4,만랩커피,만랩커피 중랑구 36호점,파주시 관악구 98길 28
daf4d1af-0efa-4951-b936-8b9c3391779a,아티제,아티제 서대문구 11호점,수원시 강서구 76길 55
8df81661-10c2-43aa-b2b7-c884ea15cebf,엔제리너스,엔제리너스 송파구 7호점,의정부시 송파구 97길 99
fe8f519d-34c3-47a6-a8eb-8e762659fca2,요거프레소,요거프레소 구로구 39호점,대전광역시 강북구 63길 20
7c2ee454-93d0-42dc-8a29-637b3644ac95,만랩커피,만랩커피 서대문구 26호점,울산광역시 중구 67길 76
8156ab73-47ad-4fb2-b329-1e9684d81bcf,바나프레소,바나프레소 용산구 11호점,하남시 관악구 80길 88
6a150c9b-5202-4177-851c-d5d65d23152b,이디야,이디야 강남구 90호점,안성시 은평구 3길 34
f1f47dc4-ad2c-441a-9bac-7dc32a31159b,투썸플레이스,투썸플레이스 중구 23호점,용인시 서초구 69길 60
5790dbb5-552f-48bf-b696-7360b9e05db3,디저트39,디저트39 구로구 33호점,서울특별시 용산구 15길 12
51d9efa7-fd97-4fe0-8042-cb613390bbe9,엔제리너스,엔제리너스 광진구 88호점,파주시 노원구 62길 63
b0d34c8d-fce3-4969-96d6-cad46c606ea8,탐앤탐스,탐앤탐스 광진구 17호점,광명시 중구 58길 74
5a6ba8ea-dee9-4400-9b47-d54366f01cab,컴포즈커피,컴포즈커피 서초구 14호점,군포시 강서구 80길 43
af49f69c-fbbb-47ef-9554-c06957582c5b,만랩커피,만랩커피 은평구 15호점,평택시 영등포구 26길 32
30ef39d3-1ee5-46b8-ba63-081d9743cf31,셀렉토커피,셀렉토커피 양천구 18호점,부산광역시 노원구 49길 69
8e88391f-e4f3-4173-a444-57c1f242bfad,탐앤탐스,탐앤탐스 서대문구 84호점,부산광역시 광진구 16길 85
70e40597-52f3-45d6-bd5d-868bb89e088b,요거프레소,요거프레소 용산구 8호점,김포시 동작구 24길 33
37001ec5-86be-4445-b467-5afdcd307dd6,스타벅스,스타벅스 동대문구 36호점,평택시 성동구 65길 41
97a6f221-7ddc-456e-abaf-e58508a42784,떼루와,떼루와 은평구 29호점,파주시 노원구 39길 77
f0109e8f-9d58-4027-a494-3a50e5283a5d,떼루와,떼루와 도봉구 91호점,남양주시 도봉구 62길 59
cba22870-5a9d-4130-99d6-1eb34b681779,매머드커피,매머드커피 영등포구 75호점,파주시 강동구 5길 84
a1fb9a80-21d9-4414-8b12-6fb529ec4eb7,할리스,할리스 마포구 15호점,시흥시 강서구 85길 56
19b2a94c-2c81-4a16-88b4-34d2f044940a,만랩커피,만랩커피 서대문구 6호점,성남시 성북구 75길 92
5bfc5422-fdb1-49a9-b74c-494b91d2f5c3,커피베이,커피베이 성북구 47호점,양주시 광진구 37길 76
39a87b9a-14b9-4eb5-b3ed-4af7623d3826,커피베이,커피베이 도봉구 18호점,동두천시 용산구 31길 48
e9cae13b-8db7-4ec8-8bd2-f3f2db5d6792,스타벅스,스타벅스 서대문구 92호점,부산광역시 관악구 56길 54
4e941d6c-434a-4562-802b-7206c6de29ed,더벤티,더벤티 강서구 51호점,하남시 영등포구 82길 92
366536a8-6bb1-40e0-834a-9394d73ee6e9,만랩커피,만랩커피 성동구 17호점,군포시 강동구 95길 9
f17829c6-6ebd-4f12-bb6d-b05f2486b713,할리스,할리스 강북구 16호점,안산시 성동구 70길 36
b26088e3-6133-4306-aa95-ac079a7117d5,아티제,아티제 중랑구 78호점,화성시 노원구 12길 28
280ee176-7108-4614-9635-debf3edb31fd,폴바셋,폴바셋 중구 40호점,포천시 광진구 6길 11
dc2099f8-5fe0-4838-9654-80fe99b95020,떼루와,떼루와 동작구 16호점,의왕시 관악구 23길 75
108ce0c4-ae43-4221-97c9-9fad712ea25e,떼루와,떼루와 노원구 72호점,광주광역시 구로구 82길 78
8f694c39-fb1c-4249-87e8-f63797992ca3,요거프레소,요거프레소 강동구 70호점,광명시 중랑구 23길 1
32a40b72-1f9c-4414-a0c5-a34b6bcc5bb4,메가MGC커피,메가MGC커피 은평구 16호점,안양시 광진구 75길 38
778fb1db-01d4-4754-8956-a889f4ef9d50,폴바셋,폴바셋 서대문구 34호점,시흥시 송파구 50길 31
d080bf50-9b8a-422b-803e-3915f750b64f,아티제,아티제 중랑구 13호점,안성시 은평구 10길 98
26920bf6-58de-4733-9c83-2b3845d9147e,아티제,아티제 영등포구 53호점,시흥시 구로구 35길 23
6e199b88-6ee0-47be-801c-8caeb538f295,아티제,아티제 광진구 37호점,광주광역시 관악구 80길 53
bd4a6201-f171-410a-bf00-4679772d9d68,커피베이,커피베이 종로구 71호점,구리시 은평구 37길 89
c19caade-5ae7-4f51-b9a2-25177cf1e843,폴바셋,폴바셋 관악구 26호점,김포시 성북구 62길 26
4becff27-32ba-4117-8184-4e3639be421f,빽다방,빽다방 중구 27호점,동두천시 강북구 53길 37
67c7f1ae-5f37-425e-b55b-10477d27fa9b,엔제리너스,엔제리너스 서초구 36호점,광주광역시 송파구 96길 60
94ecbbc6-5986-468c-9239-29adedf8a12d,더벤티,더벤티 마포구 55호점,시흥시 광진구 5길 74
fb52b945-68dd-4f3e-a57b-841e82f414f7,투썸플레이스,투썸플레이스 구로구 30호점,김포시 도봉구 35길 25
f444e4e4-c105-45ee-a77f-5e9e8b99e23c,더벤티,더벤티 도봉구 74호점,인천광역시 중랑구 8길 41
9f3a06b3-813e-4b60-81fe-75b96801282f,할리스,할리스 강동구 36호점,광주광역시 동작구 32길 88
e57c3d4a-b495-4c25-9c98-839e61c1ab39,할리스,할리스 구로구 29호점,안성시 금천구 98길 55
312ee5f2-53b9-4183-8e32-b7a730617e90,이디야,이디야 강서구 50호점,화성시 성북구 73길 94
de22f95b-5d23-4cc1-a261-cc9002279382,컴포즈커피,컴포즈커피 노원구 19호점,서울특별시 광진구 1길 70
55b2b5a1-2ac6-42b1-87c0-7dd225a9ecb8,메가MGC커피,메가MGC커피 성동구 15호점,광주광역시 서대문구 96길 18
2d561ce3-2e82-4bb2-bc5f-f4dfa6599e68,커피빈,커피빈 중랑구 56호점,울산광역시 은평구 25길 89
7e102295-0d46-4aef-ac1e-d7f98a1714ca,요거프레소,요거프레소 강남구 49호점,의왕시 금천구 87길 53
5aa6ac31-2756-4a5e-a94a-f3ddec8291d4,투썸플레이스,투썸플레이스 용산구 9호점,과천시 성동구 63길 7
b819eb35-d90b-41a4-b09a-f740e17a2940,아티제,아티제 영등포구 5호점,수원시 용산구 82길 41
5dc95da3-e78f-4ca6-ae12-e4cbd40fce8a,바나프레소,바나프레소 강북구 84호점,시흥시 양천구 12길 88
c71fcdc3-01c7-4ecb-969a-373fb5b717b6,메가MGC커피,메가MGC커피 강동구 6호점,평택시 강북구 62길 90
e195aabe-5c74-4e47-bcd4-34a75d7c2478,셀렉토커피,셀렉토커피 노원구 21호점,광주광역시 서대문구 59길 55
1dff11af-1afd-41c3-a33f-98d3ada2c916,할리스,할리스 광진구 91호점,양주시 동대문구 40길 45
75d78648-c992-425b-8134-76df9a3e96f1,셀렉토커피,셀렉토커피 동작구 65호점,평택시 구로구 50길 57
9702e4dc-4c92-478c-8335-4271a50e04d2,바나프레소,바나프레소 송파구 92호점,남양주시 서대문구 48길 39
af65d701-eedc-46e3-85bd-5e3d9dd6a79a,만랩커피,만랩커피 종로구 4호점,광명시 중랑구 14길 87
eb4342a6-1985-4bb6-95ae-80d999845e42,빽다방,빽다방 중구 41호점,고양시 종로구 36길 55
dd88899f-3e12-4e60-8f39-5591cd5ca6a2,만랩커피,만랩커피 강동구 75호점,인천광역시 강서구 73길 24
1ea7b0ae-7590-4e0b-907e-45f088aaf2e2,메가MGC커피,메가MGC커피 강서구 15호점,안양시 강남구 52길 81
a5c444f6-efc3-4ba3-bfb4-93c19697ac66,더벤티,더벤티 마포구 45호점,파주시 노원구 66길 15
c1e283ab-1647-4cf5-ac78-6ba2f687548c,커피빈,커피빈 관악구 10호점,동두천시 동작구 21길 29
f255729a-5be1-40ae-b009-e6815f9bf529,탐앤탐스,탐앤탐스 송파구 60호점,광주광역시 강서구 99길 42
e3021423-c266-41a2-a879-2bcb57f049fa,메가MGC커피,메가MGC커피 구로구 50호점,과천시 관악구 47길 63
d7ed9053-2ec5-4fb7-9857-ebfa8fa6a50c,빽다방,빽다방 광진구 3호점,파주시 도봉구 33길 17
797c9c71-5d22-4154-a9a6-c07b6ef8d477,더벤티,더벤티 동대문구 98호점,포천시 송파구 86길 59
a09e43d8-5efb-42e1-a9e9-3d91923a229e,셀렉토커피,셀렉토커피 강서구 18호점,이천시 도봉구 47길 6
5c47a012-344c-43e0-8800-f90bbb000bbb,커피빈,커피빈 강북구 75호점,안양시 관악구 65길 41
47cd8f0f-7e77-4601-bacc-3cb3db88b6a3,떼루와,떼루와 영등포구 24호점,양주시 종로구 22길 65
6ec4bafe-dad1-4733-9cdb-7c7e021e9aab,매머드커피,매머드커피 금천구 82호점,동두천시 성동구 36길 65
4a8e8500-013a-4f2b-ac93-d0aedf5c35f5,탐앤탐스,탐앤탐스 구로구 61호점,구리시 중랑구 90길 99
9b38c447-27f4-4cb9-b33d-57ba6c1b774a,커피베이,커피베이 동작구 45호점,안산시 노원구 41길 4
87ec4f34-cab6-4ddb-9be4-3faf6bd0f851,투썸플레이스,투썸플레이스 동작구 25호점,울산광역시 강서구 76길 6
894660a8-5e9d-4ff2-abdb-81c7b4da2ad4,탐앤탐스,탐앤탐스 중구 84호점,이천시 금천구 95길 85
87629426-221b-4d11-bdc4-cf1965caf8cc,만랩커피,만랩커피 강서구 82호점,파주시 용산구 74길 61
231dc60b-d796-4efb-9fc4-23123c15c9dd,커피빈,커피빈 양천구 36호점,서울특별시 마포구 3길 32
fa9fc941-00c8-4c8d-919c-800f044ededa,커피베이,커피베이 종로구 32호점,용인시 강남구 47길 81
75e5f872-1293-4674-bb11-0419807db21d,이디야,이디야 종로구 22호점,남양주시 동작구 16길 71
6b4967cb-2986-4057-84d2-449154ac59d4,커피베이,커피베이 중구 86호점,부산광역시 성북구 71길 1
186df83c-563f-4830-8e0f-a96b6d89fae0,탐앤탐스,탐앤탐스 양천구 51호점,평택시 강북구 6길 90
488a617d-b4c3-4cd2-8c26-fbae78cf4dfb,만랩커피,만랩커피 동작구 2호점,평택시 구로구 62길 70
72b00776-86b2-4da4-a315-a139ec200d61,떼루와,떼루와 강북구 85호점,이천시 송파구 39길 91
970158b3-5a10-44f9-a84b-7cfe96aea072,할리스,할리스 강서구 5호점,평택시 영등포구 90길 81
726c8828-d059-4f51-9561-425c48063491,요거프레소,요거프레소 성동구 40호점,구리시 강서구 82길 8
eef86f8b-e670-469e-ab15-c475ff643926,이디야,이디야 성동구 9호점,과천시 성북구 36길 72
ebfb2acf-c311-4dc8-b9b8-94edc07131a0,이디야,이디야 은평구 45호점,포천시 동대문구 44길 3
3e162df0-9cab-4d6c-a80e-2088d9e34120,아티제,아티제 강서구 50호점,광명시 노원구 44길 51
ad88c842-5529-4529-8c65-0ab24cd8a7c1,떼루와,떼루와 영등포구 54호점,과천시 금천구 93길 90
3538b9ba-3e62-4a18-8c05-e5bbb5f27c15,투썸플레이스,투썸플레이스 강북구 81호점,여주시 관악구 96길 31
7a036432-7b74-434e-af98-5eee66408e1a,요거프레소,요거프레소 중랑구 12호점,안성시 용산구 25길 47
c4824ae0-e842-4b92-b366-e04f7ca87691,떼루와,떼루와 구로구 61호점,대전광역시 영등포구 9길 44
b96e6cc9-0397-4789-8fe2-1632689e41cc,엔제리너스,엔제리너스 구로구 3호점,세종특별자치시 은평구 14길 38
6b8abb02-dc4e-4bd9-be62-210fd1baaa1b,빽다방,빽다방 양천구 44호점,울산광역시 강북구 18길 16
8b650d8f-9a75-48f5-b160-ce52a78f43ef,떼루와,떼루와 금천구 47호점,인천광역시 서대문구 67길 77
2d20003d-ef3e-4679-90d1-6cf11b353fe6,커피베이,커피베이 마포구 43호점,서울특별시 강북구 33길 84
3841eb34-9769-40f6-9780-ec7f67c23241,폴바셋,폴바셋 성북구 60호점,하남시 양천구 3길 32
79ae3b07-e8c2-4aa0-96eb-eb9eab047620,커피베이,커피베이 중구 24호점,하남시 서초구 93길 53
ad106cab-e29d-48ce-89e6-3254d5ced310,스타벅스,스타벅스 성북구 46호점,과천시 도봉구 68길 74
28a60eca-675e-479a-9067-45725d8b3857,컴포즈커피,컴포즈커피 금천구 37호점,부천시 구로구 68길 24
bb1f8dd6-6ae9-4713-b984-43deea1b7ae4,떼루와,떼루와 구로구 96호점,시흥시 관악구 99길 84
febcb7b6-0ce0-48b6-93e2-d67fcdd9ceec,바나프레소,바나프레소 중랑구 10호점,의정부시 서초구 99길 11
7fdd40b7-f41c-4aff-92ea-578c4617e463,요거프레소,요거프레소 동작구 79호점,인천광역시 중구 63길 26
51e6892b-ffc0-4fb1-98d4-ccf6522cd6db,폴바셋,폴바셋 광진구 1호점,김포시 중구 2길 31
ba41f7f7-dd2c-46e5-9850-8f420ae0a299,매머드커피,매머드커피 금천구 81호점,평택시 강서구 99길 42
f83a8222-bd68-412b-bcc2-986c520f1921,매머드커피,매머드커피 동작구 43호점,평택시 금천구 20길 23
8d6e0d0f-89e6-43b2-81c3-5e1c2779d4ec,만랩커피,만랩커피 구로구 60호점,양주시 강남구 27길 13
c96e9cbe-234b-4951-879d-cc1d2d680c42,빽다방,빽다방 종로구 51호점,이천시 동작구 96길 68
0ba665b3-bb06-455c-8759-475c0478115b,엔제리너스,엔제리너스 동대문구 32호점,이천시 강북구 30길 45
46b0c3ac-c230-4711-b23f-91800a9f73c4,요거프레소,요거프레소 구로구 23호점,수원시 중랑구 49길 44
a3ace916-bef0-4512-a0d7-93e90e2bcd62,탐앤탐스,탐앤탐스 용산구 3호점,부산광역시 강북구 97길 89
2bcdb963-9587-4ec6-8edf-bddd91c8cf87,떼루와,떼루와 종로구 18호점,고양시 서대문구 87길 18
df0e4d91-b7a2-40b0-94f8-a0e778331d90,커피빈,커피빈 양천구 49호점,안양시 은평구 79길 9
66b6bd24-9d45-4b19-9e5e-91a44ede7586,스타벅스,스타벅스 마포구 1호점,포천시 종로구 93길 24
614578c6-d227-4212-8d15-6f55a430cb52,바나프레소,바나프레소 금천구 36호점,광명시 은평구 66길 36
93fcd184-f720-43b8-adfc-f8e03e3246b2,디저트39,디저트39 서초구 63호점,대전광역시 성동구 92길 41
6134d959-ee94-4a42-b728-6da44e164493,컴포즈커피,컴포즈커피 동대문구 46호점,인천광역시 송파구 27길 82
8f6ce967-ca5b-43fc-94e1-3e74d94ee60c,투썸플레이스,투썸플레이스 도봉구 32호점,오산시 서대문구 5길 23
941f1450-eb80-4d11-a9e0-2071907a078c,요거프레소,요거프레소 은평구 58호점,대전광역시 강남구 74길 69
6c909f85-5967-43d4-b51a-8bf871f2b950,투썸플레이스,투썸플레이스 도봉구 35호점,시흥시 동작구 46길 24
ea94fb5a-9f45-496a-b55b-885f2e68103f,바나프레소,바나프레소 중랑구 94호점,군포시 서대문구 86길 55
f5f80052-2426-4e62-955c-9b2fcebd8bae,컴포즈커피,컴포즈커피 서대문구 66호점,하남시 도봉구 14길 54
cf039dd7-8367-4450-ae24-3d014d4b3f85,빽다방,빽다방 동작구 11호점,안양시 동작구 62길 72
6f2af9f5-372b-4779-81f0-345d0a24b874,매머드커피,매머드커피 동대문구 14호점,군포시 구로구 84길 48
d063f3a4-61d3-4827-9b04-5e6bf6330e4f,컴포즈커피,컴포즈커피 동대문구 22호점,구리시 양천구 23길 19
b29e4bc4-3d03-42ef-b60a-58c8b24c3649,셀렉토커피,셀렉토커피 성북구 19호점,서울특별시 종로구 32길 56
24603802-5b27-48dd-9e77-db9f32e0316f,메가MGC커피,메가MGC커피 중랑구 10호점,서울특별시 은평구 12길 71
acb05f8b-17bb-45f5-bce5-c02642a5fd85,메가MGC커피,메가MGC커피 서초구 5호점,성남시 강동구 19길 64
251ea9a0-396c-4fb0-ab26-630a9154a703,탐앤탐스,탐앤탐스 강남구 61호점,서울특별시 중구 91길 85
1181ea65-3613-45cd-a19e-019812b5e8c6,아티제,아티제 서대문구 67호점,화성시 영등포구 73길 97
1d982f4a-d19e-410f-8c76-837e0c90873b,할리스,할리스 중구 33호점,세종특별자치시 성동구 30길 17
9d2f60e9-5c32-4d29-bb28-1e464d64ea61,폴바셋,폴바셋 노원구 38호점,시흥시 도봉구 99길 25
de380c35-e3b0-445e-a74e-7cc5f26e81b0,더벤티,더벤티 종로구 66호점,광주광역시 양천구 12길 35
fa83ce5e-c285-4169-b4dc-1494a1ff8102,빽다방,빽다방 서초구 15호점,구리시 성북구 7길 4
10e8d76a-e38f-4e6d-a84c-3b53ca69a704,매머드커피,매머드커피 관악구 87호점,용인시 구로구 9길 87
5880a3db-85d8-409c-9d28-338fa1d6b21f,빽다방,빽다방 구로구 86호점,광주광역시 노원구 68길 99
d95b8cba-2d95-4c0a-90f4-5e95d99b473b,만랩커피,만랩커피 종로구 49호점,김포시 구로구 13길 99
e27274d8-47e8-4c77-ad22-8ecba73e33b7,떼루와,떼루와 관악구 74호점,인천광역시 금천구 68길 1
26a00d9c-be55-4d1b-8ed9-07a0c511d037,이디야,이디야 서대문구 59호점,인천광역시 강남구 52길 35
69d96213-39e9-4e77-8dbf-d8adf9b02751,커피베이,커피베이 종로구 52호점,부천시 광진구 10길 89
07901607-8da2-4e57-a0c8-442e7543b56d,탐앤탐스,탐앤탐스 강동구 29호점,울산광역시 중구 27길 38
35afc81f-592a-4658-ab09-5d802716390d,바나프레소,바나프레소 양천구 81호점,여주시 노원구 15길 20
ef02ed9a-3d88-481c-a4a2-cbc826b77fc0,매머드커피,매머드커피 강남구 33호점,성남시 은평구 45길 37
da59478d-dce1-4dfd-bf84-8d67115cce8b,메가MGC커피,메가MGC커피 종로구 11호점,의정부시 강남구 59길 53
eeef22a8-e365-4db9-8c08-0931d6bcb780,바나프레소,바나프레소 동대문구 43호점,성남시 영등포구 46길 84
727259fa-f43e-4f6e-8cb2-9ddfd4dce049,이디야,이디야 강남구 59호점,부천시 성북구 15길 21
21c3b125-d7e8-47e5-81f2-9ca15d98ad65,아티제,아티제 노원구 45호점,과천시 중랑구 20길 48
5a013a18-f7b0-45fd-a11a-00798951719e,이디야,이디야 용산구 81호점,이천시 노원구 3길 82
15dc9894-c783-4b33-815c-085bcc13d610,요거프레소,요거프레소 도봉구 12호점,부산광역시 노원구 52길 91
8b0098a0-4916-4aa5-8af5-4bdd92570bc2,매머드커피,매머드커피 성동구 90호점,세종특별자치시 금천구 10길 64
930994ea-5bcf-4ed6-bbfa-872e9cdf87a0,폴바셋,폴바셋 중구 51호점,구리시 양천구 89길 21
d8bb84bf-790f-4d7f-9a9e-9384bddd7a8b,탐앤탐스,탐앤탐스 구로구 18호점,동두천시 도봉구 97길 14
72d8f3e4-753e-4c30-bf8e-4770446333ce,셀렉토커피,셀렉토커피 강남구 8호점,안성시 구로구 55길 17
5eaaa131-c2d4-49f5-b502-7ddd686f632b,할리스,할리스 관악구 17호점,이천시 강남구 43길 18
81559e5f-a8c6-407a-958a-a8b68e3e5a19,바나프레소,바나프레소 양천구 86호점,대구광역시 강남구 40길 26
d16aace0-1636-492c-bb54-3f6fe9eed5aa,컴포즈커피,컴포즈커피 서초구 89호점,구리시 강서구 16길 39
b2c56f9f-294f-40a4-984f-e68462f00574,디저트39,디저트39 금천구 37호점,하남시 동작구 47길 81
3a1221f0-4b20-494e-b044-8c922f05b9be,더벤티,더벤티 구로구 100호점,하남시 광진구 44길 89
e9827d06-6f1f-43a0-8a25-c5aa4f83d7d4,매머드커피,매머드커피 도봉구 78호점,대전광역시 성동구 54길 48
e1645529-6c1c-4f94-ba9c-66d4ab055e3c,이디야,이디야 도봉구 32호점,평택시 금천구 58길 28
44805b00-b74d-40f5-abc3-410620e6272b,요거프레소,요거프레소 마포구 6호점,용인시 성동구 22길 21
e9449a7c-1d4d-4508-929a-1165b2854b50,떼루와,떼루와 마포구 44호점,과천시 광진구 100길 91
51977c22-e7a4-4aed-a974-7e0b5993e6b8,만랩커피,만랩커피 종로구 71호점,오산시 관악구 89길 63
802b5ab1-d0a5-48db-a6db-0161d625ba4b,바나프레소,바나프레소 중구 16호점,광주광역시 금천구 37길 76
b88cf414-9c55-42af-9e3e-b00802f2d25b,디저트39,디저트39 강동구 32호점,세종특별자치시 중랑구 67길 9
6511c5d4-37be-45d8-9820-00ea02743460,셀렉토커피,셀렉토커피 은평구 28호점,파주시 도봉구 50길 28
a59c0534-1896-4964-b8b2-5a7d326a670a,이디야,이디야 도봉구 77호점,광명시 은평구 36길 92
b10291ac-4588-47e5-a60d-677ea19a308d,떼루와,떼루와 마포구 69호점,의정부시 중구 89길 4
d8fe41da-d1a5-4dbc-a208-5bcc47d99141,투썸플레이스,투썸플레이스 용산구 42호점,서울특별시 서대문구 98길 9
eff48fc7-0691-40d1-b2bd-b9882945b37b,만랩커피,만랩커피 성동구 15호점,부산광역시 서대문구 82길 37
8b84c69e-c93c-4847-b2ad-9c0339f235f0,커피베이,커피베이 강남구 34호점,대구광역시 양천구 69길 65
964e5104-1c38-44db-b85f-172178fc252d,커피빈,커피빈 동대문구 50호점,안성시 금천구 69길 60
3b439da1-ab4e-4e64-8045-3b62de0f727f,엔제리너스,엔제리너스 금천구 33호점,광명시 은평구 20길 71
9e3a3e48-f73e-411f-a9ae-2020138dce54,할리스,할리스 중구 94호점,화성시 송파구 62길 91
8560c589-674d-4a55-a10b-967cec5d3b28,떼루와,떼루와 동대문구 47호점,안성시 은평구 9길 55
c6dbbcec-a417-40d7-bfbd-84a9a5c35b86,바나프레소,바나프레소 관악구 55호점,부천시 중랑구 4길 94
4684a057-3c9c-4da5-aae7-7a43f5a283a6,할리스,할리스 강동구 10호점,용인시 강서구 99길 11
9a23d6e5-fdd8-49e2-9189-a11eccbe6910,탐앤탐스,탐앤탐스 마포구 74호점,남양주시 강동구 45길 40
86be47f8-f991-4cc9-8119-76bff2eb66d9,메가MGC커피,메가MGC커피 동대문구 61호점,안산시 도봉구 38길 75
fe9ce1cf-12dc-466c-b51f-9f2bf3a7e2c7,탐앤탐스,탐앤탐스 성북구 88호점,안성시 중구 23길 99
4d50d841-f233-42da-933f-1188290f91a0,컴포즈커피,컴포즈커피 중랑구 11호점,오산시 강서구 95길 98
55dacef0-e387-423d-b564-7b4db349977d,빽다방,빽다방 강동구 64호점,평택시 동작구 85길 97
c70ce39e-f258-409b-8779-593bea9d4aee,할리스,할리스 영등포구 44호점,대구광역시 동작구 76길 45
8c0fbc84-ff56-4443-b95e-874c0a1b8d7a,더벤티,더벤티 성북구 78호점,군포시 노원구 37길 10
33cb5672-ac65-48b8-85df-09cf9419ffe5,떼루와,떼루와 노원구 2호점,하남시 동대문구 100길 85
78dd05b2-c316-4c56-a58a-8f1b43c18e0d,컴포즈커피,컴포즈커피 마포구 79호점,양주시 강북구 47길 28
81e00754-a51d-490d-b76e-4343d9d32289,더벤티,더벤티 중랑구 10호점,고양시 중랑구 41길 79
6c521c24-4b37-4d03-86d4-0def80430d00,투썸플레이스,투썸플레이스 동작구 24호점,광명시 종로구 62길 71
90198c86-6605-4d85-b91d-569abcf8c762,커피빈,커피빈 노원구 36호점,오산시 서초구 89길 77
ecfad92f-8094-47ed-9d90-d7cbf348da0b,메가MGC커피,메가MGC커피 은평구 89호점,광명시 마포구 24길 44
c50553bd-b221-4111-b529-348469360d03,할리스,할리스 용산구 4호점,대구광역시 강남구 52길 23
8114a0f6-7131-4be0-8124-6fdaaca327f6,셀렉토커피,셀렉토커피 양천구 40호점,동두천시 강북구 15길 1
fde1fd31-7a54-4009-a476-d3b3293487dd,투썸플레이스,투썸플레이스 성동구 53호점,성남시 성동구 99길 88
30f81f85-4c8c-4723-97e4-0328a255af39,매머드커피,매머드커피 종로구 12호점,울산광역시 금천구 3길 63
592bd6f6-6fd5-450c-91a5-aaff8c9d504c,매머드커피,매머드커피 영등포구 50호점,인천광역시 용산구 1길 82
8eec9dc4-6dd9-441c-a744-55a319398724,컴포즈커피,컴포즈커피 강북구 64호점,군포시 서초구 6길 18
065f5d9d-b5da-4b28-b17e-3a4203ebf45e,아티제,아티제 강동구 73호점,울산광역시 동작구 10길 98
e7354dfb-a951-4b90-9bc9-6e0e65736b36,할리스,할리스 광진구 55호점,고양시 송파구 84길 52
52013d01-07f1-4c83-9c3b-6a713b271fc1,만랩커피,만랩커피 용산구 4호점,파주시 중구 15길 86
8d656232-778d-45c5-8c24-a559210a2b64,매머드커피,매머드커피 중랑구 85호점,동두천시 동작구 61길 93
a5b9c234-d4a7-4eee-aeed-e1c11074363d,커피빈,커피빈 관악구 70호점,인천광역시 종로구 10길 32
3e7b61f9-eb11-44ab-b08e-78e82a4a066e,엔제리너스,엔제리너스 강동구 98호점,광명시 용산구 27길 94
40ffb9cb-be28-4323-9451-ee4943b1bbab,할리스,할리스 마포구 89호점,의정부시 마포구 22길 56
0309333c-5dc4-43ff-8c97-4b79cd26116d,엔제리너스,엔제리너스 금천구 95호점,군포시 영등포구 53길 100
d3b6c5a0-4000-441a-bdf2-663086b6d628,컴포즈커피,컴포즈커피 금천구 75호점,김포시 광진구 17길 72
058d2d30-5488-405f-86a9-eedfe8394542,셀렉토커피,셀렉토커피 서초구 37호점,인천광역시 구로구 2길 54
c632d3b0-8895-48df-a586-3e44bc5c0308,더벤티,더벤티 성북구 80호점,세종특별자치시 양천구 76길 76
62fe53aa-37e6-4a86-a145-bd01969bf868,떼루와,떼루와 성동구 46호점,평택시 중랑구 32길 14
9d5b3bca-0caa-466b-8bf4-de3f0fe3b45f,셀렉토커피,셀렉토커피 동대문구 22호점,이천시 강동구 97길 42
375fa452-3ec6-4075-a585-83d6ad5fdcba,바나프레소,바나프레소 노원구 14호점,고양시 금천구 36길 62
eb98eebe-1ce6-4b32-b40d-1506def36b7a,더벤티,더벤티 양천구 34호점,이천시 강남구 35길 90
a1c9d1c4-91c6-4b21-927e-6f8099b0ebb9,폴바셋,폴바셋 중구 24호점,동두천시 서초구 41길 64
7faf87a8-02a3-4643-abb4-b505f26491e2,요거프레소,요거프레소 금천구 70호점,안성시 강서구 90길 18
c771d41c-8c2b-41bd-abfd-56cc877bd4fa,투썸플레이스,투썸플레이스 은평구 79호점,구리시 관악구 67길 76
a8e1b03a-7fee-446c-b4b2-e7b13cf127fa,폴바셋,폴바셋 서대문구 2호점,의왕시 양천구 25길 92
408ad686-2baa-4c19-8a23-e79df14b38b3,매머드커피,매머드커피 중구 27호점,부천시 중구 34길 96
b331c385-9ba7-40ad-8d20-45d503ede3bf,매머드커피,매머드커피 강동구 9호점,남양주시 영등포구 81길 69
c2f134c1-ddb8-4347-91b9-55044ff02696,엔제리너스,엔제리너스 마포구 10호점,동두천시 금천구 94길 46
e6e21e85-9d14-46cf-8636-82667af6fdf5,컴포즈커피,컴포즈커피 광진구 67호점,이천시 중구 53길 72
0823ff92-bb44-45a0-9d3d-6e7990e3f7b1,투썸플레이스,투썸플레이스 동대문구 24호점,구리시 성북구 72길 95
05c7e0f0-29dc-4e68-811b-e6ba3e950e9b,빽다방,빽다방 종로구 98호점,부천시 중구 74길 71
a740290d-bb5e-4e23-9bc2-6e34b0cdec22,아티제,아티제 동작구 84호점,여주시 중구 45길 26
8795feb6-103e-449b-92a7-964c5e8eb41a,요거프레소,요거프레소 중구 98호점,여주시 광진구 2길 88
50568360-a669-416e-8fe6-783a638eac0e,컴포즈커피,컴포즈커피 마포구 56호점,김포시 성동구 43길 83
16e3aa12-1dc1-42af-969d-754a480eefce,바나프레소,바나프레소 강북구 44호점,세종특별자치시 송파구 48길 12
5c7c850f-49d0-4b91-8a8c-cd416222afcb,커피베이,커피베이 강남구 93호점,하남시 서초구 77길 13
349fad33-f1cf-492c-bfeb-e4fe34d2d98d,투썸플레이스,투썸플레이스 강동구 87호점,양주시 용산구 80길 66
9f9df433-9c0c-4603-8151-f0800771d7d0,바나프레소,바나프레소 구로구 41호점,김포시 마포구 67길 92
d367b6e0-edbc-425b-b7cc-9bb076211174,셀렉토커피,셀렉토커피 광진구 49호점,평택시 도봉구 34길 18
74d59bd2-962f-46de-b127-a6486f5e2ce7,컴포즈커피,컴포즈커피 광진구 56호점,광주광역시 송파구 89길 63
ef0d1d41-5cb6-4aca-8ef5-c6a4f2cb8162,매머드커피,매머드커피 금천구 95호점,울산광역시 용산구 74길 56
54b725d7-bc45-4dac-ba3c-26cd73266c89,커피빈,커피빈 광진구 42호점,안양시 양천구 98길 23
52e0a6c3-90d4-42f0-bd5e-d7692128366e,커피베이,커피베이 강서구 15호점,고양시 금천구 8길 36
3a086d10-c4e5-4561-a731-868c74386d76,바나프레소,바나프레소 중구 6호점,부천시 구로구 18길 81
ea0f0363-c13c-4859-81c4-d8a57b75908a,커피베이,커피베이 마포구 95호점,부천시 구로구 37길 17
dbe57724-5c57-464e-98a8-d93c5767add2,폴바셋,폴바셋 종로구 10호점,동두천시 중구 7길 77
0e57afc0-872a-451c-a253-e350c8fd4316,탐앤탐스,탐앤탐스 구로구 15호점,수원시 용산구 26길 33
f0fffd2d-9722-4f4f-82a6-6a7672c5206b,빽다방,빽다방 송파구 9호점,김포시 구로구 67길 10
f82d35c8-37dd-49fc-9eb0-fb4b9f49540c,떼루와,떼루와 강서구 25호점,광명시 중구 78길 45
15309903-b251-48bb-b7c0-80b1bcc32870,커피빈,커피빈 중구 59호점,군포시 강남구 73길 68
19e24107-e062-489c-9be2-28ed69022ae8,엔제리너스,엔제리너스 노원구 73호점,안산시 마포구 41길 38
3c55b565-1085-40cb-87b2-76a06b611cae,스타벅스,스타벅스 동대문구 25호점,성남시 도봉구 87길 34
84e8ad58-7dfe-4ee6-b362-088209753fa6,떼루와,떼루와 종로구 34호점,동두천시 강남구 66길 83
88a88abc-d8e3-485f-a21f-41ad3b177290,떼루와,떼루와 성동구 96호점,부천시 강남구 38길 56
de18db55-196b-4260-a229-8f4864860481,스타벅스,스타벅스 구로구 41호점,하남시 강동구 21길 95
fa052e48-421b-4998-a040-ddf5f79dd920,바나프레소,바나프레소 강서구 100호점,김포시 은평구 36길 23
6f29d529-3b4e-4d7f-9ff0-265f35a00cec,엔제리너스,엔제리너스 서대문구 73호점,화성시 용산구 21길 55
c183f0c5-105a-45b8-a49d-27e31bf8cdf3,커피빈,커피빈 광진구 31호점,수원시 양천구 68길 65
95a661b3-215a-4aaa-88cc-854a99e23517,떼루와,떼루와 성북구 77호점,광주광역시 서대문구 24길 62
d9b69571-3939-47e6-9617-f5d88e862ca6,폴바셋,폴바셋 구로구 20호점,부천시 마포구 32길 10
e2835f10-f7bf-4a3c-846a-d3e2de614197,탐앤탐스,탐앤탐스 관악구 52호점,하남시 동작구 37길 17
a2ab9eed-1b12-4fc0-9423-4c7f09c72289,컴포즈커피,컴포즈커피 양천구 7호점,부천시 강동구 43길 23
5e900fd2-2ec1-408f-ae91-f2bf51b42556,스타벅스,스타벅스 관악구 69호점,대전광역시 서대문구 68길 22
a4fa3a75-a222-4e4a-9d03-a404b8325da2,더벤티,더벤티 강남구 24호점,대구광역시 강북구 11길 95
bc0da601-94c9-4de6-b0ad-7e3ef49682dc,폴바셋,폴바셋 성동구 17호점,안성시 도봉구 4길 68
aedc04be-da83-4e76-b27d-e8fccdd1f0df,투썸플레이스,투썸플레이스 영등포구 61호점,김포시 중구 16길 10
2443d367-2ac7-4fc8-8ff9-802852705635,매머드커피,매머드커피 용산구 99호점,부천시 강동구 7길 92
675c58b3-a827-4284-a0bd-5c1ee5819b01,아티제,아티제 종로구 26호점,서울특별시 관악구 85길 76
ac961598-67e4-4ada-9e12-fceefb329e67,빽다방,빽다방 서초구 8호점,의정부시 서대문구 19길 18
c6b5c5fb-f6f5-4587-8216-c5bf5143a4cc,셀렉토커피,셀렉토커피 종로구 98호점,안산시 강북구 8길 61
2c22567a-c525-4632-a9b9-6cc577608688,투썸플레이스,투썸플레이스 영등포구 28호점,오산시 동대문구 32길 80
5ac47941-117b-4075-b6f8-faaa9f47928e,투썸플레이스,투썸플레이스 성북구 65호점,평택시 강남구 37길 22
1060bb91-c92d-4028-86a4-fd6af97d5b2d,이디야,이디야 광진구 44호점,고양시 송파구 20길 30
6d2a23cc-c21c-4329-a102-623eedec14ea,탐앤탐스,탐앤탐스 노원구 49호점,서울특별시 은평구 28길 94
3b9d82a5-4638-4124-ac49-ec66eb97a974,투썸플레이스,투썸플레이스 영등포구 92호점,부천시 강동구 52길 97
1293b58b-b2dc-48ca-9ed3-5ddd14d84ef7,메가MGC커피,메가MGC커피 종로구 2호점,양주시 노원구 76길 46
c9dbd546-07ce-48bd-98e4-9baa585f94f7,커피빈,커피빈 관악구 56호점,구리시 용산구 46길 2
083ae005-eaa1-4119-b950-161c0710eb20,엔제리너스,엔제리너스 은평구 59호점,안양시 은평구 89길 21
a22125d1-4c8f-46ca-9145-9ce7ff57477c,디저트39,디저트39 강남구 23호점,울산광역시 관악구 79길 11
f1e25f6d-d227-4883-a420-e1e5eec390cc,컴포즈커피,컴포즈커피 관악구 94호점,울산광역시 중랑구 25길 20
bc3e2982-94b3-4c8f-bd85-fc3586b80f9c,이디야,이디야 중구 8호점,안산시 서초구 54길 54
f3b245e4-941b-4c7d-9e8b-2af7d2696455,매머드커피,매머드커피 양천구 10호점,이천시 도봉구 38길 91
06a5ce13-d778-47a8-8c14-c1f264c11d59,탐앤탐스,탐앤탐스 동대문구 46호점,광주광역시 성북구 83길 42
c947de11-3511-4889-8d33-ac52684f54e1,이디야,이디야 강서구 29호점,용인시 도봉구 93길 35
aff282a4-7fe3-46f3-8454-c5ce5fc37e6d,엔제리너스,엔제리너스 동작구 85호점,남양주시 강서구 54길 37
74e5c38c-e935-48bf-9636-906967baeb16,만랩커피,만랩커피 금천구 28호점,구리시 도봉구 91길 25
67dc9859-73ac-4323-8434-c25b4ca171dd,디저트39,디저트39 서초구 68호점,오산시 노원구 12길 9
d55958fb-3357-4132-b6aa-97c927841ec1,바나프레소,바나프레소 은평구 83호점,광주광역시 서대문구 9길 35
0abf56f4-0e11-4cac-8d15-2877d64fc16b,컴포즈커피,컴포즈커피 은평구 15호점,시흥시 용산구 14길 70
76f4bdd2-ea70-41eb-9ecf-94aa04f04174,아티제,아티제 강서구 17호점,고양시 노원구 77길 34
d126230c-6bc6-4243-8ade-7155fc8e0d8a,폴바셋,폴바셋 강북구 29호점,대구광역시 동작구 70길 59
5c2df098-28f7-47c4-9f95-7eab89ffb318,폴바셋,폴바셋 중랑구 1호점,울산광역시 서초구 17길 63
2ed8774d-ec65-4444-a2b7-1ca9f2bdf08e,할리스,할리스 중구 63호점,화성시 마포구 1길 24
602633a2-fa07-4ff3-b79d-323a3addc6ab,컴포즈커피,컴포즈커피 송파구 68호점,광주광역시 광진구 98길 31
7c187480-241e-45cd-9d69-1afd7691d86d,컴포즈커피,컴포즈커피 구로구 51호점,인천광역시 서초구 85길 93
372f9de6-f95d-4a41-a83b-9a759f0cd662,커피베이,커피베이 서초구 11호점,시흥시 강동구 81길 11
3d197f70-0dd8-4ef6-9b78-8334d1ea5ea0,요거프레소,요거프레소 강서구 62호점,화성시 강북구 96길 13
f279d85c-3ad0-42a9-b8fd-9514930dab5d,만랩커피,만랩커피 영등포구 57호점,양주시 강서구 63길 38
7beca3ff-74fa-402a-a8b2-4a661b0c1965,탐앤탐스,탐앤탐스 서초구 82호점,시흥시 도봉구 5길 78
d260b254-7d79-4cec-a8b2-83cbe1f60385,아티제,아티제 관악구 84호점,안산시 종로구 13길 82
6adfdecc-023e-47be-9f1a-36cf278e2339,폴바셋,폴바셋 강남구 28호점,의왕시 마포구 4길 57
d8b06435-148a-4869-a064-a73a661525b8,엔제리너스,엔제리너스 마포구 70호점,파주시 도봉구 89길 96
248367a2-0d7e-4529-bc40-a2d7166c7abc,이디야,이디야 강서구 86호점,부천시 양천구 76길 8
3ef21cdf-83b4-4da7-955a-3be14c53f476,디저트39,디저트39 양천구 81호점,안산시 중랑구 37길 73
98911480-54a4-4615-b57e-ed10b540bfed,할리스,할리스 동작구 100호점,세종특별자치시 용산구 58길 24
bdd4de9a-8aa1-425e-9f71-a6bd90f242b4,할리스,할리스 서초구 52호점,대구광역시 동작구 24길 6
601186cf-ad4a-45f8-9085-eff6b3b609a3,투썸플레이스,투썸플레이스 강동구 53호점,평택시 은평구 95길 52
4af2bdf7-3814-4a34-9c81-f9f3006ca9eb,투썸플레이스,투썸플레이스 서초구 1호점,광주광역시 구로구 80길 41
cc888f38-858b-446b-82cf-554ecd90b129,셀렉토커피,셀렉토커피 서대문구 95호점,광주광역시 종로구 55길 54
dcd1921e-9119-4908-b701-14e786c21071,스타벅스,스타벅스 양천구 6호점,오산시 금천구 71길 19
bf3e5f3a-6f23-45c7-adbc-eaf6d4590fe8,아티제,아티제 광진구 38호점,여주시 도봉구 5길 2
7750e193-7cc5-4c0d-9e86-30783f4df96e,셀렉토커피,셀렉토커피 종로구 62호점,동두천시 도봉구 31길 49
108e372d-5bbe-437c-9580-220986779eb1,요거프레소,요거프레소 관악구 39호점,김포시 관악구 9길 43
feab6a50-723e-4df1-b9a1-6f8f1fef7599,빽다방,빽다방 도봉구 77호점,부천시 은평구 27길 16
262424ec-4871-4b57-8fc8-d3329dcbfde7,할리스,할리스 광진구 95호점,남양주시 은평구 92길 67
15b51b4b-d932-49ca-a569-9a9d8b77ffe4,탐앤탐스,탐앤탐스 강남구 5호점,부천시 중구 15길 43
88880ef4-c75d-4373-adca-1cc260db9035,매머드커피,매머드커피 용산구 31호점,여주시 서초구 65길 41
ec91f03d-a481-4418-90c6-47655a153248,투썸플레이스,투썸플레이스 영등포구 32호점,울산광역시 종로구 51길 15
06b392c6-359a-4e50-a780-b78a56ce4dda,커피빈,커피빈 강서구 31호점,용인시 도봉구 9길 47
fde425e9-4fd9-4e0d-8737-96d0093ab697,이디야,이디야 강서구 70호점,화성시 종로구 62길 90
fb33d3db-50b0-4718-8ad7-f0118a60294c,만랩커피,만랩커피 구로구 89호점,수원시 성동구 36길 96
5056f81f-0818-4b83-bd70-a789e4499d43,매머드커피,매머드커피 영등포구 91호점,부산광역시 구로구 23길 59
87fdb65f-c681-452e-b245-2bd4f9cf203d,셀렉토커피,셀렉토커피 도봉구 37호점,평택시 강동구 53길 50
a814df6f-7852-47f4-abe7-8ec45413d15c,바나프레소,바나프레소 도봉구 1호점,용인시 동대문구 4길 47
5e4fce8b-9b65-46fb-8321-49524f5039f1,할리스,할리스 마포구 62호점,김포시 마포구 93길 5
e2f5f0c7-c781-4802-80ff-d424d2b22c6c,커피베이,커피베이 강서구 37호점,용인시 종로구 42길 45
3efffa9b-90cb-4869-a869-d8dcd3501c46,더벤티,더벤티 강북구 82호점,시흥시 광진구 36길 16
b73d9d18-df0b-4dab-8ac1-393a9a0725d2,메가MGC커피,메가MGC커피 동작구 37호점,안성시 양천구 8길 2
dbbac3d0-84bb-4e10-8a80-419e824f2527,매머드커피,매머드커피 송파구 25호점,의정부시 용산구 81길 2
9aff59cf-b7ed-4200-9bc1-9466519ca2af,컴포즈커피,컴포즈커피 노원구 17호점,구리시 강서구 37길 53
8e034911-2db6-4635-a515-c7f5a28263aa,커피빈,커피빈 구로구 25호점,광명시 종로구 36길 12
ebc3751d-4a5c-4283-9b7d-ab0b3c42ec76,디저트39,디저트39 동대문구 13호점,인천광역시 관악구 42길 46
28bb26e3-2097-4ad7-a962-c33960399b2f,컴포즈커피,컴포즈커피 양천구 1호점,시흥시 강북구 71길 81
79125d47-d065-42b8-8f91-60b1b992a651,만랩커피,만랩커피 송파구 23호점,오산시 성북구 17길 84
4896ca6b-2d7c-486c-bd21-eaeef91936f2,메가MGC커피,메가MGC커피 구로구 82호점,의왕시 강북구 98길 48
b85972d6-9ebf-43f5-aedf-80a91d511e40,셀렉토커피,셀렉토커피 광진구 48호점,오산시 마포구 48길 16
eb9de5b8-227f-4e73-ada6-2489ec051a44,떼루와,떼루와 금천구 17호점,인천광역시 광진구 20길 26
61996b17-fc53-4d5f-bd64-e5fd25fc43f6,탐앤탐스,탐앤탐스 강남구 7호점,오산시 도봉구 24길 90
8001a374-4b0b-479c-817f-40099a1353f4,셀렉토커피,셀렉토커피 서초구 58호점,세종특별자치시 중구 54길 69
f321b482-1ecb-40d0-9c87-1d1d62202fce,할리스,할리스 양천구 43호점,과천시 은평구 67길 79
d8a0ca09-34dd-432e-b46c-547bc4232f98,메가MGC커피,메가MGC커피 강동구 10호점,광주광역시 성북구 24길 9
bc0ada46-72cb-4003-9972-88bd021a1321,떼루와,떼루와 구로구 63호점,성남시 용산구 75길 94
d5424475-defe-4633-9c97-abc5709a6282,폴바셋,폴바셋 중랑구 28호점,안산시 마포구 67길 52
081a3d36-0c48-497e-be43-2a49ad1bb80c,투썸플레이스,투썸플레이스 영등포구 77호점,안성시 서대문구 88길 6
066eb898-ba5d-48aa-97f4-2582ae77c532,컴포즈커피,컴포즈커피 중랑구 35호점,시흥시 중구 10길 61
96937905-7bd4-40fa-a00c-97925b4ec0d1,탐앤탐스,탐앤탐스 광진구 2호점,김포시 중구 77길 74
755de6d5-493b-404f-8e57-2388feaa3e0c,커피빈,커피빈 광진구 47호점,안산시 광진구 94길 8
af85ea03-9f88-4d72-97dd-c4646aaead97,셀렉토커피,셀렉토커피 강서구 3호점,광주광역시 강서구 6길 73
67e8c063-46e2-4c40-843b-db5fec92a5ef,투썸플레이스,투썸플레이스 금천구 84호점,동두천시 광진구 73길 73
985239f7-dda9-4af6-80b6-303147631cfb,폴바셋,폴바셋 서대문구 28호점,여주시 동작구 52길 98
07530fb0-be24-4679-8f9d-04a919a3f835,커피베이,커피베이 용산구 47호점,의왕시 서초구 39길 49
df1d80c9-24e2-43a4-9717-e68ef604944f,탐앤탐스,탐앤탐스 용산구 86호점,하남시 서초구 20길 42
92dd6911-1d88-4902-90ea-82f8308bdb97,떼루와,떼루와 은평구 78호점,평택시 은평구 9길 20
369ba2b4-bc7b-49d0-8bc6-54e1c4e72ad7,컴포즈커피,컴포즈커피 종로구 25호점,의왕시 용산구 11길 96
a9c2834d-e0cc-48d5-a567-f2fc11409650,엔제리너스,엔제리너스 송파구 46호점,서울특별시 금천구 14길 75
0ecdcf84-e0b3-44b1-9ccd-bc6155fbe58e,바나프레소,바나프레소 노원구 43호점,용인시 은평구 9길 53
9e044d0d-edb3-4278-b13b-5c09daa71b27,할리스,할리스 강남구 89호점,오산시 서대문구 41길 16
3143b304-f19d-4ffb-812d-ab4578d1d7cb,매머드커피,매머드커피 금천구 60호점,안성시 동작구 3길 25
2faf0d48-62fa-4ade-9cdc-98445f85e4d7,메가MGC커피,메가MGC커피 노원구 27호점,동두천시 강남구 98길 92
2ed56bd8-3604-41b9-aeb7-da5e06930579,메가MGC커피,메가MGC커피 은평구 46호점,의왕시 강서구 33길 37
ef95165a-c699-4b45-a665-365f1220a0bc,메가MGC커피,메가MGC커피 광진구 45호점,울산광역시 서초구 85길 12
779b0f9b-993a-4440-a1b4-4395c485c12d,셀렉토커피,셀렉토커피 도봉구 24호점,포천시 광진구 62길 1
60f8be68-8e37-424b-ac05-425aa195b17b,컴포즈커피,컴포즈커피 송파구 46호점,용인시 금천구 12길 5
4282d95b-e92b-43c1-b138-753476aea18d,매머드커피,매머드커피 중랑구 70호점,안성시 동대문구 42길 67
f40f4fb4-6b5b-4e70-bb70-fdbeaad99ae1,셀렉토커피,셀렉토커피 구로구 93호점,시흥시 노원구 91길 78
404de957-6f59-46b2-9a15-e43dc6c38bf1,만랩커피,만랩커피 종로구 87호점,구리시 마포구 79길 64
a20ee750-842f-4625-b768-4ac1a84c3e20,메가MGC커피,메가MGC커피 강서구 62호점,대전광역시 강서구 20길 26
14f4c5b5-96ac-457b-9c73-8a98b124513a,매머드커피,매머드커피 용산구 85호점,군포시 마포구 98길 19
cea3a9a2-5a81-4815-b5b4-34251c453c0a,만랩커피,만랩커피 성동구 13호점,이천시 강북구 2길 64
2da148d3-209d-4b59-853f-5783fdd28983,셀렉토커피,셀렉토커피 강남구 20호점,성남시 강동구 90길 65
f099b9b1-93ec-45b3-8f3d-77898d103ce3,투썸플레이스,투썸플레이스 중구 71호점,구리시 중구 65길 16
4060b2e1-6ba7-43ef-bf5e-71c07bca08e5,컴포즈커피,컴포즈커피 양천구 71호점,안성시 서대문구 29길 62
0c4563e9-85cd-42f0-bd59-23dcbcc9f20c,폴바셋,폴바셋 성동구 17호점,평택시 관악구 18길 40
78bb608e-b30f-4597-bc7e-e44bd603cb51,커피빈,커피빈 강북구 63호점,의왕시 관악구 86길 62
c4ef8385-972c-4718-813c-ee098f200a8d,이디야,이디야 강남구 92호점,대구광역시 은평구 16길 57
9c17bb38-0b4d-4e09-809e-d87e5dbd1a65,떼루와,떼루와 노원구 15호점,안산시 동작구 12길 100
fa3ece4c-6575-4945-ba1f-faad490f627d,메가MGC커피,메가MGC커피 강서구 37호점,광명시 성동구 36길 20
bbba7994-af69-4b74-82e8-a97a9d185105,만랩커피,만랩커피 동대문구 77호점,세종특별자치시 마포구 45길 36
abf83b5c-8e22-4a94-97b9-6a079dbed661,탐앤탐스,탐앤탐스 동대문구 23호점,안성시 금천구 84길 7
26fc17e7-4d82-4a45-887f-117e5439a70d,할리스,할리스 노원구 38호점,수원시 동대문구 76길 47
cf11b691-f372-4c43-962a-aece7258dc23,이디야,이디야 성동구 47호점,안성시 양천구 11길 10
aef10fef-3465-4d93-b36a-9d9158d52128,더벤티,더벤티 금천구 79호점,이천시 강북구 5길 87
e8c65bf5-4c55-43b7-8420-760e8573168a,만랩커피,만랩커피 성동구 74호점,부산광역시 도봉구 42길 4
a787b234-024f-4325-b6ff-70227c670226,더벤티,더벤티 마포구 95호점,부산광역시 용산구 25길 57
fdba0020-6e3e-45e7-b649-3529f503d0ac,요거프레소,요거프레소 강서구 58호점,양주시 종로구 40길 75
7c3a24cc-baf3-4f2e-aea6-214afb6dd712,이디야,이디야 마포구 81호점,시흥시 서대문구 96길 65
9dd687a8-e7fa-4601-bd95-cad117b2cfc7,만랩커피,만랩커피 은평구 37호점,하남시 중구 2길 47
6fdd6cb9-5258-4d10-8624-c27ea3a67186,메가MGC커피,메가MGC커피 강북구 5호점,용인시 영등포구 51길 83
4425a892-cd9d-4d75-80b1-b0f2c81adda2,만랩커피,만랩커피 양천구 3호점,시흥시 도봉구 79길 25
3ad4f184-cb3b-4c8b-823b-0d411359b583,커피빈,커피빈 성동구 22호점,이천시 광진구 21길 7
8c626e3e-be49-4f43-a77d-b590a0b1bf6c,아티제,아티제 마포구 83호점,부산광역시 강서구 80길 72
c45af9db-7cef-44f1-b211-9045b5157bde,폴바셋,폴바셋 도봉구 16호점,화성시 서초구 44길 69
0bd5108a-bc49-485d-9435-be0d3da7fa4e,스타벅스,스타벅스 동대문구 13호점,안양시 서초구 82길 36
98c84e45-1c5a-4a0f-b92b-a916311a3b4f,폴바셋,폴바셋 영등포구 68호점,부천시 금천구 17길 47
e3add70d-c6ec-45ca-b44d-e2dcf129ad82,할리스,할리스 광진구 39호점,여주시 종로구 58길 13
02bad995-5fb2-45fd-acf2-2ea0f9f68fdd,폴바셋,폴바셋 금천구 12호점,대전광역시 강북구 9길 68
e55d9fed-ecde-4466-8d53-a29c8f6eeb05,더벤티,더벤티 강북구 30호점,광주광역시 종로구 74길 94
9f905292-af53-4e50-b32d-07b3996cc509,요거프레소,요거프레소 강서구 64호점,구리시 동대문구 27길 67
f8fc0056-83e5-4211-9407-45407add2601,메가MGC커피,메가MGC커피 강서구 26호점,안산시 은평구 41길 3
8c2c91b6-a0d3-438b-879c-3c3ab373cd65,아티제,아티제 강북구 31호점,세종특별자치시 마포구 37길 76
d779fb23-eb21-4e3d-b63c-f3c80afb97aa,떼루와,떼루와 강남구 72호점,군포시 마포구 95길 55
80327bf0-ebad-4224-b407-847133f9bc91,떼루와,떼루와 동작구 65호점,남양주시 영등포구 53길 46
6c2127c4-3e5b-4e67-a6e8-f45f15550959,빽다방,빽다방 종로구 3호점,하남시 노원구 33길 43
f4a5db8a-2279-4e01-aefa-8228108c7650,커피빈,커피빈 구로구 37호점,광명시 은평구 32길 27
f432d4b7-3db5-45fa-b1c1-bc264deb589d,투썸플레이스,투썸플레이스 노원구 94호점,시흥시 금천구 43길 19
fbc6d39c-0c1d-4ba2-94ef-74384bc3eccc,요거프레소,요거프레소 용산구 30호점,광주광역시 마포구 36길 43
4f4e42ce-9010-4538-8f74-71c77a30eac9,커피빈,커피빈 강서구 71호점,안양시 관악구 24길 30
10038555-7ae9-42c2-82b6-3e59dcd6dc38,커피베이,커피베이 종로구 40호점,대전광역시 중구 88길 90
ea384511-e149-42f3-8bad-8f4629519178,아티제,아티제 성동구 12호점,동두천시 송파구 37길 90
01e911cb-6f45-4575-8651-eb8bd5ebc430,떼루와,떼루와 중구 83호점,포천시 종로구 65길 57
dda1df21-3750-4922-a875-3844b3969552,이디야,이디야 관악구 7호점,부산광역시 구로구 84길 32
a335cbea-ea77-4954-b8d9-d94bd232c43f,바나프레소,바나프레소 동대문구 93호점,성남시 동작구 91길 46
d98c9654-1fe7-46b0-9f40-d76eca5043e5,커피빈,커피빈 관악구 29호점,시흥시 강북구 49길 24
06e7c19f-b8a8-468f-970e-cf9d367e66c0,탐앤탐스,탐앤탐스 용산구 9호점,부천시 강동구 41길 36
0743c705-6ad5-495b-9849-c4f114dbcba2,더벤티,더벤티 용산구 53호점,부천시 마포구 63길 76
a09c9db3-189e-47fc-aa1d-94b7de3d629d,탐앤탐스,탐앤탐스 성북구 39호점,광주광역시 양천구 30길 64
db9c6359-474a-49d1-8cc7-ef8b3ab17086,커피빈,커피빈 도봉구 50호점,인천광역시 양천구 82길 33
f9567759-4013-4603-930b-1220f79eca0d,아티제,아티제 서초구 25호점,군포시 성북구 15길 54
fed16050-2bf0-4abf-b423-4f7925883495,셀렉토커피,셀렉토커피 성북구 100호점,부천시 도봉구 41길 8
843f0e3f-bc3e-4e02-9184-01002c2407be,디저트39,디저트39 양천구 64호점,이천시 동대문구 62길 30
2fdc17ea-789c-4c5a-84c0-babe8f7ec614,커피베이,커피베이 동작구 51호점,성남시 마포구 41길 18
cf781f08-8e9c-4fcb-9c66-a31b7b089701,셀렉토커피,셀렉토커피 서대문구 45호점,평택시 용산구 95길 93
ec3847c3-24c7-4bc9-be37-76920ca2ee01,커피빈,커피빈 관악구 6호점,구리시 영등포구 18길 28
9036b69f-c89f-4d39-8dd4-e942b8f3cb16,떼루와,떼루와 강서구 89호점,과천시 중랑구 53길 40
4577b2e3-942f-4f7d-8f3c-591144377ed6,커피빈,커피빈 도봉구 13호점,김포시 송파구 4길 5
4ad1b024-d72f-4514-a4bc-a96414239aa3,탐앤탐스,탐앤탐스 강남구 91호점,과천시 영등포구 9길 9
25263552-454d-4af8-87bf-83420256d6f6,디저트39,디저트39 중구 23호점,성남시 관악구 79길 75
2974f35b-a40f-4a37-8493-56f5393020a8,디저트39,디저트39 구로구 37호점,광주광역시 광진구 18길 65
2df57377-d31d-4775-9368-5919d908b4af,셀렉토커피,셀렉토커피 관악구 42호점,부천시 강남구 33길 73
664af7e1-04f7-4d83-a098-b22c0f166d3d,커피베이,커피베이 서대문구 4호점,수원시 강동구 23길 31
8f1b51ef-f153-4604-8bc1-8fea7cdc2b72,할리스,할리스 강서구 71호점,의왕시 동대문구 53길 40
f6a8bf95-12a9-46e6-ab2a-3ac5186b458e,떼루와,떼루와 서초구 55호점,여주시 영등포구 57길 53
fc60596e-9cd0-471f-b1c7-703b74a8c470,바나프레소,바나프레소 구로구 46호점,인천광역시 금천구 46길 41
fe14eb32-6522-4a6f-a632-60704d385b62,더벤티,더벤티 중구 58호점,부산광역시 용산구 31길 8
c0f3e8b2-ecf9-4265-9120-51e219b9830e,요거프레소,요거프레소 송파구 96호점,안성시 중랑구 27길 12
c016df1d-e985-4724-830f-ced43bb8cea3,바나프레소,바나프레소 마포구 62호점,하남시 구로구 2길 47
fdba444b-098b-4b5c-852f-ab87027a7751,커피빈,커피빈 양천구 16호점,의왕시 마포구 94길 12
63d41816-5b3e-4ebb-8867-ea2607262026,디저트39,디저트39 중구 52호점,안양시 강남구 9길 77
96c8f9f2-0705-4acc-b2e3-130d2112970f,커피빈,커피빈 강서구 46호점,의정부시 도봉구 52길 26
aba9a834-acfe-490f-8852-9c2680d3b054,폴바셋,폴바셋 광진구 33호점,오산시 동작구 90길 36
b99423e0-0ec8-457b-90a8-f505e924d14c,메가MGC커피,메가MGC커피 양천구 9호점,포천시 관악구 100길 71
5db1b789-95ab-4321-b93b-cbcfecbe1d48,커피베이,커피베이 은평구 49호점,포천시 관악구 34길 80
bb006f4b-cd23-4618-8571-694d73e5b57e,컴포즈커피,컴포즈커피 성동구 21호점,동두천시 중랑구 51길 65
35419b66-2e6a-431e-9c08-8b0fafe3f3bb,매머드커피,매머드커피 구로구 54호점,안산시 광진구 61길 71
7ffcdaa0-163b-4ff3-bbed-9ccba6d210d3,디저트39,디저트39 영등포구 8호점,동두천시 성동구 7길 53
35b58c26-ae5c-4f18-87ec-cea2e201c054,바나프레소,바나프레소 중랑구 44호점,세종특별자치시 서대문구 97길 27
2527f5b9-bcc5-435d-8d76-b4e79d56fdc4,메가MGC커피,메가MGC커피 강동구 54호점,의왕시 광진구 7길 34
9476d109-4e7b-40bf-9caa-b7d4410b23d3,메가MGC커피,메가MGC커피 중구 1호점,화성시 광진구 5길 73
8106266c-7d74-4d6e-9b24-17ad652c0368,아티제,아티제 성동구 85호점,하남시 강동구 51길 31
2c2580a1-d5eb-420f-bd5f-444850ac8895,만랩커피,만랩커피 영등포구 3호점,오산시 도봉구 58길 77
5c2d1f46-db10-44a3-bc14-8dbc2033ed8d,매머드커피,매머드커피 서초구 1호점,울산광역시 종로구 99길 79
d1f95d75-5ad4-40e8-a50e-840bfb164642,탐앤탐스,탐앤탐스 서초구 17호점,서울특별시 관악구 45길 27
20e93732-ed0b-4960-995c-1db722f73171,커피빈,커피빈 서대문구 23호점,고양시 구로구 20길 55
c1bf227c-c367-4a35-bef7-af2bc26fe955,만랩커피,만랩커피 성동구 19호점,부산광역시 광진구 44길 58
3b66a492-1b42-4505-977a-ad0c7a647b54,엔제리너스,엔제리너스 강동구 66호점,안성시 용산구 70길 51
d04632f5-de25-48ae-8b32-7098ccbc8e60,메가MGC커피,메가MGC커피 강동구 79호점,화성시 서초구 95길 56
05f3f783-d875-4795-bac1-bd541e56d9f2,할리스,할리스 금천구 24호점,평택시 동작구 73길 21
de0c6bed-8746-4b1f-a461-f3b3ac26c359,아티제,아티제 강동구 73호점,고양시 금천구 13길 70
acb4f37d-3c02-4f74-8a08-2d28dde80948,떼루와,떼루와 성북구 19호점,의왕시 성동구 44길 30
9f324195-7c4a-4edf-aef0-bae8b4be101b,디저트39,디저트39 영등포구 14호점,대전광역시 광진구 7길 38
c8bac1b3-b4a8-4fa1-8c97-57230158e7bc,요거프레소,요거프레소 마포구 67호점,광명시 강남구 40길 88
5fac347d-9091-42a6-9719-74a64a0bb07d,탐앤탐스,탐앤탐스 동작구 71호점,과천시 강북구 31길 21
ee4a41bd-9ef4-49fe-ba72-eca76d733b9d,만랩커피,만랩커피 영등포구 38호점,의왕시 도봉구 95길 74
cb2f0615-e6b9-4df1-b92f-e7a6a016d496,메가MGC커피,메가MGC커피 마포구 3호점,성남시 서대문구 74길 44
283f4792-b3bd-421d-a0ef-b6f8cb5e4530,컴포즈커피,컴포즈커피 마포구 51호점,울산광역시 서초구 39길 14
02a71380-24aa-40be-90ec-b330c40b92f7,메가MGC커피,메가MGC커피 서초구 35호점,오산시 영등포구 77길 46
1b965a9c-c227-499d-a46f-c7fc8c7d4a4d,바나프레소,바나프레소 강남구 95호점,안양시 관악구 14길 30
4478bacd-8f98-4fa6-b0f4-232df06b7957,요거프레소,요거프레소 강서구 89호점,화성시 종로구 84길 56
45bc2b50-2037-443f-82de-b544d4620adb,아티제,아티제 영등포구 100호점,평택시 송파구 7길 55
e8ea15c2-6df3-4399-bdc6-5ecdfafddfd2,스타벅스,스타벅스 강남구 75호점,하남시 강북구 99길 60
16f58443-c714-4588-8d2a-691d3aedf681,떼루와,떼루와 서대문구 42호점,여주시 동대문구 95길 49
d2b85fff-e068-4a82-9123-2ed762869b94,메가MGC커피,메가MGC커피 금천구 83호점,광주광역시 노원구 6길 55
164da826-aa6a-41fb-905c-22d3e1e42322,스타벅스,스타벅스 구로구 22호점,세종특별자치시 서대문구 16길 68
10d2b483-4393-47f8-97a4-8aee8abb7957,커피베이,커피베이 관악구 23호점,부산광역시 영등포구 1길 34
c1eef5f1-9840-440c-8e76-8c582b53ed08,만랩커피,만랩커피 영등포구 76호점,여주시 영등포구 73길 84
c50e154f-b587-42b3-8cad-2b0f5bbc42b7,아티제,아티제 금천구 44호점,의왕시 마포구 3길 78
1ebaade1-ad07-4180-879f-55dd59944b7a,셀렉토커피,셀렉토커피 구로구 68호점,이천시 서초구 3길 36
439442d1-c3b3-40a6-a091-425f1d411eb5,만랩커피,만랩커피 은평구 81호점,화성시 용산구 6길 53
21e16957-0ca1-4980-9620-e95d48114152,매머드커피,매머드커피 양천구 29호점,화성시 성동구 33길 55
7f5eb855-9e3c-4719-ab8e-ecaac12ccfa9,엔제리너스,엔제리너스 양천구 14호점,이천시 동작구 82길 67
7542672d-60a1-4601-b9a2-719fe497b2b9,떼루와,떼루와 종로구 63호점,부천시 도봉구 42길 51
a4b6dc3f-46ae-4950-8b02-54d58c523f4b,떼루와,떼루와 관악구 3호점,여주시 동대문구 66길 5
3d3de29b-610d-45d8-8bec-ccb12e8790aa,폴바셋,폴바셋 강동구 91호점,여주시 강서구 90길 13
765f1588-7c8b-424c-b857-e271c5832e6f,메가MGC커피,메가MGC커피 중구 33호점,구리시 송파구 87길 48
cef17ad2-406c-4149-a7db-b1e95c4a015d,커피베이,커피베이 관악구 7호점,안성시 강남구 95길 72
d74caa93-86c9-4716-a37e-29b66da46aad,할리스,할리스 관악구 23호점,동두천시 마포구 9길 33
7f092df5-0b4c-42b7-8c4b-b4cacdbca94d,셀렉토커피,셀렉토커피 영등포구 51호점,안성시 서대문구 64길 22
1f9a2a74-fc6c-489e-a086-6e3fc5c9c244,엔제리너스,엔제리너스 노원구 24호점,과천시 서대문구 77길 53
c9c38d9a-0d73-41a3-9bd4-eb5f82dba9fd,빽다방,빽다방 금천구 79호점,광주광역시 강북구 72길 19
0b3b9573-a606-465d-ac92-c15f1e3a1714,엔제리너스,엔제리너스 관악구 6호점,서울특별시 마포구 53길 87
86f113bb-b5a4-4a78-8e83-a7044452b9f5,스타벅스,스타벅스 서초구 41호점,대전광역시 송파구 83길 68
f25c2256-58b5-4682-bd5f-873eca30291e,만랩커피,만랩커피 양천구 82호점,안산시 강북구 5길 69
5f24b2e7-f40a-4f1a-9828-40e855632132,할리스,할리스 동작구 30호점,세종특별자치시 동작구 71길 95
c376a2e9-c57f-4dde-8927-fce90ad365b2,커피빈,커피빈 관악구 14호점,과천시 종로구 5길 61
5eddbeba-beec-48aa-bdbf-108cbb341118,커피베이,커피베이 은평구 18호점,오산시 마포구 46길 37
43b6945a-21cc-4d03-bc28-88de9c03eee9,스타벅스,스타벅스 마포구 76호점,세종특별자치시 광진구 25길 21
25daf78d-3f24-4e80-8bcb-049a6e48c73e,할리스,할리스 송파구 27호점,의정부시 은평구 85길 73
d222b92d-263e-413c-ba81-0d44010f07af,셀렉토커피,셀렉토커피 중랑구 26호점,김포시 용산구 22길 10
9cf7ae5d-175f-444d-98cb-a0a32153c82e,이디야,이디야 서대문구 82호점,인천광역시 영등포구 41길 98
44af00bd-9fff-40d2-abf1-28f4e2c8d584,엔제리너스,엔제리너스 송파구 99호점,의왕시 중구 4길 75
341b8330-2c0d-44f2-8cfe-6e4f2f04f2c6,빽다방,빽다방 강서구 54호점,광주광역시 은평구 20길 89
becd69cf-5736-48a7-9d69-5c3128809b4f,빽다방,빽다방 영등포구 25호점,동두천시 성동구 8길 62
b63006a3-5841-4e3c-a16c-e8d4d0cc9dde,할리스,할리스 관악구 23호점,용인시 강서구 27길 1
a9eab8ae-8e27-484d-9f89-95b1272c5130,디저트39,디저트39 강동구 40호점,의정부시 서대문구 9길 47
bb9c9b33-d1e3-4b61-8360-738c4fdeb3e0,폴바셋,폴바셋 강서구 45호점,평택시 성북구 79길 4
510dca97-99a4-4aad-a86c-3c459739a431,셀렉토커피,셀렉토커피 관악구 81호점,포천시 용산구 10길 42
9e98431e-e7b3-444a-81d7-865d4a9f7640,아티제,아티제 성동구 37호점,광주광역시 동대문구 8길 71
d938cc45-6550-4253-a5c9-bb287188a8cb,매머드커피,매머드커피 강동구 82호점,과천시 종로구 35길 5
28fb42c3-052f-4a43-ab38-8cdd5d8c8251,디저트39,디저트39 양천구 43호점,김포시 서초구 14길 34
b59da755-1557-41f7-beb1-6607fad5db65,스타벅스,스타벅스 동작구 43호점,오산시 용산구 74길 62
c99a67da-f779-4b96-9e76-79a281e82775,탐앤탐스,탐앤탐스 동대문구 51호점,과천시 중구 50길 18
112c22c5-37c9-414b-a923-1e500c4fb5d7,폴바셋,폴바셋 강서구 80호점,안성시 마포구 15길 37
27b933a2-0d6c-46c6-bf41-ad4876cb118b,커피베이,커피베이 송파구 79호점,여주시 종로구 79길 98
47ee8712-701d-45c2-b50b-24cd733fb2c8,바나프레소,바나프레소 동대문구 30호점,양주시 광진구 5길 27
5235871b-7532-4eb0-ba1a-e1b00c79c6ab,만랩커피,만랩커피 구로구 93호점,안성시 마포구 47길 10
c0a2a0cb-cfd3-4122-9585-29a3e101eb08,스타벅스,스타벅스 금천구 48호점,대구광역시 영등포구 91길 59
afb2ce63-b4b6-40cd-980b-27d2e3e4e70c,컴포즈커피,컴포즈커피 종로구 92호점,의왕시 성북구 51길 14
24f4eaa2-134e-48b2-a896-35b858878337,메가MGC커피,메가MGC커피 성북구 5호점,남양주시 금천구 58길 23
7e95023c-19de-42f5-92ec-7799c64cff12,엔제리너스,엔제리너스 마포구 68호점,안성시 강남구 42길 74
b209e212-b0eb-4c6a-80ed-2df2aeb542be,커피베이,커피베이 광진구 27호점,부천시 마포구 11길 18
e263b7b2-981a-42bc-87d2-6d8c02f30be3,스타벅스,스타벅스 양천구 45호점,평택시 성북구 72길 59
a94bca4b-9169-4c63-8543-ffebf724e887,컴포즈커피,컴포즈커피 광진구 61호점,성남시 광진구 34길 31
7b9c7c93-237b-4d00-a598-9ab9a5e0fed6,만랩커피,만랩커피 양천구 1호점,대전광역시 도봉구 92길 17
d45ff8ac-6000-4445-ab7c-c765f7918cf4,컴포즈커피,컴포즈커피 동작구 93호점,광명시 성동구 54길 19
62a8c4ca-35ad-41ba-acb3-bf50247a3e9e,요거프레소,요거프레소 광진구 3호점,동두천시 도봉구 71길 32
7d865bf1-9903-4ca5-8374-8e47f069766c,엔제리너스,엔제리너스 송파구 46호점,대전광역시 양천구 29길 91
898e32df-dd96-4ec8-868e-8b01e1c1a7e5,커피베이,커피베이 서초구 55호점,포천시 강동구 46길 26
c9c44822-418a-4c6b-9083-31c7809a5b9f,떼루와,떼루와 강동구 76호점,평택시 강남구 61길 48
2e8bab1b-e5a7-4c95-9142-b0ba8ba4d7ef,커피빈,커피빈 노원구 58호점,고양시 동대문구 81길 73
17b18849-33e7-43b1-a4a0-e55096d928ec,스타벅스,스타벅스 관악구 74호점,이천시 송파구 92길 69
96e26d58-9cf4-4fae-a6b6-c7f3abbe41c4,이디야,이디야 강동구 82호점,부천시 서초구 94길 30
c1c61b51-be3e-4493-8db2-676f70a239fc,요거프레소,요거프레소 노원구 19호점,안산시 구로구 64길 63
687714c6-3b12-44aa-8b73-649662925028,매머드커피,매머드커피 송파구 75호점,이천시 서초구 97길 71
90b1ad19-73ad-4362-a9f7-3f5e1e850c16,빽다방,빽다방 성북구 79호점,용인시 중구 88길 83
987cc52f-5d95-4a2b-ac2f-c58e491ac72b,스타벅스,스타벅스 구로구 50호점,성남시 강북구 26길 70
794e2bb6-2a04-4329-ac66-05ea315c4ec9,더벤티,더벤티 노원구 25호점,성남시 강남구 96길 93
6c8c3ab2-0244-4ad4-9c4e-cd12db47c700,컴포즈커피,컴포즈커피 강동구 20호점,광명시 도봉구 80길 10
ea6bca87-2395-43d3-8291-97a219d60057,빽다방,빽다방 종로구 42호점,시흥시 구로구 93길 32
751de216-1f24-4211-9e01-8b80d31aff80,떼루와,떼루와 금천구 28호점,인천광역시 동작구 6길 27
f04449db-6ef7-4443-805c-b0c80e62585a,폴바셋,폴바셋 노원구 70호점,용인시 용산구 52길 36
f25abd8f-e236-40e1-9ebf-1dd8f519eade,커피빈,커피빈 양천구 65호점,과천시 서대문구 67길 70
63979e3d-ddc7-4214-88ba-830973294d66,디저트39,디저트39 강북구 59호점,광명시 마포구 58길 38
d069c6b8-208a-49ce-a24d-950a4a75c452,매머드커피,매머드커피 서대문구 28호점,김포시 구로구 27길 49
92e0542d-38eb-491f-8bc2-a5d28ce44f68,메가MGC커피,메가MGC커피 성동구 80호점,수원시 종로구 99길 40
57ab578c-f3f8-4339-a0d8-729b3688b364,할리스,할리스 양천구 100호점,의왕시 성북구 54길 40
ff661931-1692-4d23-906c-4c3484d6f7e5,셀렉토커피,셀렉토커피 도봉구 62호점,동두천시 서초구 48길 80
72853959-1633-4357-9d5c-59e2a1e40225,투썸플레이스,투썸플레이스 중랑구 64호점,남양주시 성동구 44길 6
22afa29d-1d63-4b4c-9c12-3a1a91684fa0,요거프레소,요거프레소 양천구 8호점,남양주시 구로구 5길 90
fe95faf2-d7ae-41c8-b483-a603d70b933f,엔제리너스,엔제리너스 성북구 74호점,양주시 양천구 31길 70
7f3cc951-0d75-4855-9a66-50c55fb09c2f,매머드커피,매머드커피 금천구 82호점,안성시 노원구 16길 34
68bf5456-b85c-41ab-a922-7c3ab3802dbf,만랩커피,만랩커피 종로구 13호점,이천시 성북구 69길 78
39d8442d-2c97-46b5-a8c8-212dc940e6b7,매머드커피,매머드커피 송파구 93호점,용인시 강남구 88길 31
15f4b38b-bc3b-42b0-a130-c8df4635b988,디저트39,디저트39 강서구 22호점,김포시 양천구 68길 24
21c824dc-5a30-4938-be2a-2dc3343a5468,스타벅스,스타벅스 성북구 50호점,이천시 관악구 49길 53
5a7e04cc-7848-4cb4-9f44-0e551e5a4515,아티제,아티제 도봉구 71호점,세종특별자치시 용산구 93길 89
a1a57a45-beb6-45f8-a35c-0f1022b8720d,매머드커피,매머드커피 서대문구 84호점,군포시 동대문구 45길 97
c62c4426-41a1-4a65-aee6-11ca7afe893b,더벤티,더벤티 중구 50호점,성남시 서대문구 37길 5
82f91b0e-3f5b-4dde-b030-217cfcc98246,디저트39,디저트39 종로구 49호점,광주광역시 양천구 68길 48
e41243e7-365b-4f51-b588-a9223f32cc57,떼루와,떼루와 영등포구 46호점,파주시 성동구 91길 37
edf061b0-6fff-4bc2-ba45-3b6ac792664d,커피베이,커피베이 노원구 15호점,부천시 중랑구 80길 46
7a9a7a5a-7bc8-4aae-a128-cd9b86eaf252,바나프레소,바나프레소 노원구 44호점,울산광역시 성동구 94길 51
4651507b-e573-4558-b828-fe2cd4eb54bd,커피베이,커피베이 강남구 85호점,양주시 중랑구 85길 48
6e90e98b-1cfe-402b-a555-ac0d26216f58,탐앤탐스,탐앤탐스 동대문구 59호점,동두천시 구로구 48길 44
817a7c24-cc9e-4950-be73-1af06bce479d,엔제리너스,엔제리너스 강남구 45호점,용인시 도봉구 19길 14
bf3c737b-ae0b-4a63-b680-57feee507f89,폴바셋,폴바셋 중랑구 51호점,인천광역시 동대문구 63길 44
e2b1337c-901a-4c0d-929d-45d63dd59a6c,요거프레소,요거프레소 용산구 65호점,광주광역시 송파구 43길 27
139ef9b4-63a2-4573-828a-b5d35de196a6,바나프레소,바나프레소 종로구 5호점,안산시 서초구 1길 39
2a8aff6f-1ee6-489b-8e4c-84c5357c545b,아티제,아티제 서초구 36호점,하남시 서초구 82길 50
f8e50455-f462-4bf6-ad5f-59d802baa1cd,더벤티,더벤티 성북구 29호점,광주광역시 강남구 91길 19
41f6ef90-e271-4cb2-b10b-d2c54c8fc033,더벤티,더벤티 광진구 78호점,서울특별시 송파구 76길 9
34bc8769-2758-42c9-b5af-59069e0172ea,컴포즈커피,컴포즈커피 동작구 18호점,포천시 관악구 54길 99
b96cb795-1e17-47dc-993f-212da1cb7d92,바나프레소,바나프레소 도봉구 86호점,시흥시 강서구 88길 26
fe1a3e40-0abe-4e36-a176-b7b51d76728d,할리스,할리스 송파구 88호점,고양시 성북구 68길 63
232c4555-b24d-42e0-ac66-4adef006f94c,더벤티,더벤티 강남구 96호점,안성시 노원구 80길 75
7dc9de1f-2b00-425a-916f-def555a7cff7,커피빈,커피빈 종로구 85호점,울산광역시 양천구 11길 9
a84d155c-b45c-4b28-9ff6-adfd0ab57384,스타벅스,스타벅스 종로구 76호점,광주광역시 광진구 7길 45
d22c4047-7728-4cc5-8935-3a3cc7c51cdd,떼루와,떼루와 구로구 26호점,파주시 중구 54길 69
b090da49-363c-4e11-bd5a-38a380a7701e,폴바셋,폴바셋 영등포구 65호점,평택시 양천구 3길 53
cc086892-e7d8-4d52-9817-f6a3c51d39e9,컴포즈커피,컴포즈커피 금천구 49호점,양주시 동작구 14길 3
f61a58da-1145-408e-bb72-85f7c32834bf,투썸플레이스,투썸플레이스 동작구 66호점,광주광역시 종로구 51길 40
67d38749-0968-4b47-8097-dfd524fd6b27,디저트39,디저트39 구로구 57호점,남양주시 서대문구 54길 23
cfd038f2-0e1b-493f-ab88-0837c4970a39,더벤티,더벤티 금천구 58호점,대구광역시 동작구 34길 39
682a6b42-6cd0-4b1a-92e1-f26489f8b533,컴포즈커피,컴포즈커피 마포구 79호점,남양주시 강북구 6길 49
3a07d610-d383-4be5-aa1c-64b996fbbf1d,요거프레소,요거프레소 용산구 71호점,구리시 서대문구 50길 72
2984f75e-88dd-4aed-b2c8-d3f6f44f28e3,셀렉토커피,셀렉토커피 종로구 70호점,시흥시 관악구 66길 63
6d629b1d-c8e3-476e-9781-34dc5cc0c3cd,떼루와,떼루와 서초구 78호점,안산시 중구 5길 35
f923e8c0-9701-4b18-99d4-17e6cc2f7867,메가MGC커피,메가MGC커피 은평구 98호점,안양시 은평구 47길 45
693476ae-db7f-4d55-b9e8-76f0bd5b400d,폴바셋,폴바셋 종로구 9호점,서울특별시 노원구 27길 56
daa6f2a0-d588-4cb1-9b74-aaf62d4708d3,더벤티,더벤티 광진구 14호점,울산광역시 서초구 40길 54
f07f5d61-d2ca-4057-882d-c06d5f1f12c5,매머드커피,매머드커피 광진구 98호점,남양주시 강동구 4길 36
68d0bb90-472a-4b31-a169-ed44b1c64232,투썸플레이스,투썸플레이스 양천구 35호점,오산시 관악구 76길 41
8604ebfc-4a22-4138-b7b5-41cafdc58ab7,엔제리너스,엔제리너스 중랑구 27호점,광명시 광진구 98길 35
99b730ff-5a6a-4ed8-b483-3ccfbe2ffa49,아티제,아티제 광진구 62호점,양주시 동대문구 99길 57
014bba04-ef58-49e5-9e4e-70f1a3117dc7,컴포즈커피,컴포즈커피 중랑구 35호점,세종특별자치시 강동구 2길 80
dccdf924-12cf-43ba-a957-55590b14d0fe,커피베이,커피베이 서초구 41호점,안산시 종로구 63길 42
7ef640e8-2021-43f0-9f3c-c8eebb5c487c,바나프레소,바나프레소 강서구 50호점,부천시 금천구 39길 11
31195826-736a-4fe8-9590-2e3abbd4f4f3,디저트39,디저트39 영등포구 63호점,하남시 송파구 62길 9
ce3488b3-1f74-4990-a888-79bc2f6c6a0c,바나프레소,바나프레소 노원구 50호점,의정부시 동대문구 55길 35
445e52f9-e672-4ca4-8e93-e59ced72cba8,커피베이,커피베이 동대문구 64호점,울산광역시 종로구 6길 68
625a2211-b2e4-4875-90a7-f5e75fddd329,탐앤탐스,탐앤탐스 관악구 6호점,대구광역시 양천구 16길 74
45fe8949-9890-4d03-906f-b6fe3264266a,폴바셋,폴바셋 송파구 55호점,구리시 강서구 57길 73
0fce4f38-7dce-4ac0-b1c8-29a0ff4a37fe,만랩커피,만랩커피 강남구 13호점,대구광역시 강남구 58길 89
24bf824d-7ebd-48d4-8bc6-27b692e5180c,빽다방,빽다방 중구 17호점,오산시 동대문구 35길 52
e4f8f6f2-7151-4011-bffc-15723edfe23a,더벤티,더벤티 구로구 94호점,여주시 도봉구 58길 58
48c90b31-22f7-458d-a2ba-97f9ee4b6467,메가MGC커피,메가MGC커피 서초구 52호점,의정부시 양천구 27길 65
b8db9157-a403-4b87-aa61-a4d1638c39e0,바나프레소,바나프레소 종로구 22호점,시흥시 동작구 75길 33
7fe3d294-5f3c-43a7-9e3b-2304669ccea4,아티제,아티제 동대문구 64호점,용인시 도봉구 16길 88
1ac50895-5400-4b09-be0b-4b41a28781d3,이디야,이디야 서대문구 28호점,부천시 구로구 32길 43
26bedc10-3fdc-4135-9ebb-f2188df40bae,요거프레소,요거프레소 은평구 77호점,광주광역시 구로구 29길 1
e6868722-91da-4049-a99e-458e5f9d94c7,이디야,이디야 마포구 4호점,포천시 성북구 81길 97
0ed0dda6-423e-4112-b29b-9121d3cca6e8,할리스,할리스 송파구 67호점,부천시 서대문구 99길 20
b3644372-52ac-4d7d-950e-69de01da5084,아티제,아티제 중구 82호점,부천시 중구 23길 38
d9aa15de-7460-4c98-9ea0-35058aa30b0f,폴바셋,폴바셋 강남구 92호점,대전광역시 강북구 97길 93
36943a27-51f1-46ef-a501-23bdea5a18c4,이디야,이디야 중랑구 8호점,과천시 강동구 36길 76
5f0fd186-7f26-479d-81c2-a44335945035,빽다방,빽다방 관악구 88호점,울산광역시 노원구 19길 30
0882608e-e3ce-44d4-b2d2-b81d491e2351,빽다방,빽다방 종로구 81호점,부천시 구로구 41길 18
a988cfc3-1cd9-4c3e-b85b-4d050591fd9f,떼루와,떼루와 은평구 57호점,부산광역시 은평구 91길 24
c51b292c-3bc3-439e-95f8-0b43ed70e83f,디저트39,디저트39 송파구 32호점,파주시 용산구 41길 61
6681e187-ad3a-4eae-b27f-47a5cb20f33c,더벤티,더벤티 성북구 99호점,동두천시 강북구 88길 70
443821e9-dfa7-41dc-a72a-59f66c73d430,떼루와,떼루와 동대문구 33호점,화성시 강동구 95길 74
4e2c0d9a-f071-4554-94a9-a9418313163d,아티제,아티제 성북구 2호점,파주시 강남구 70길 38
fb38e3e5-4de5-433e-9080-cb3b61818f9e,스타벅스,스타벅스 관악구 70호점,여주시 구로구 51길 100
a6f9c9fc-504c-4fea-b4f3-ed45a3ff6a02,바나프레소,바나프레소 동대문구 11호점,시흥시 성동구 36길 22
3e393670-2152-44f5-b3be-55f3770cf624,커피빈,커피빈 성동구 97호점,광명시 관악구 86길 8
18909c01-ce24-4546-8bb9-6abc89ec30aa,컴포즈커피,컴포즈커피 용산구 46호점,부천시 강서구 36길 47
1497fc56-68da-4af9-8451-cc865e9fc6f8,빽다방,빽다방 양천구 27호점,부천시 성북구 27길 80
9c14fed2-d82e-4d7a-b1ee-8011d1d47648,떼루와,떼루와 노원구 23호점,대구광역시 광진구 80길 93
a8807b7e-3674-4315-8613-f54503406594,더벤티,더벤티 중랑구 33호점,울산광역시 도봉구 55길 54
986383a0-1140-4efc-8ecd-06567bb9458b,빽다방,빽다방 성동구 8호점,김포시 성북구 38길 61
c4c5117a-8b86-4017-be01-3eeb57aa90d6,커피베이,커피베이 종로구 6호점,부산광역시 종로구 45길 10
f2dd6a9e-cedf-4ede-8ac5-3b060d6236e5,투썸플레이스,투썸플레이스 동대문구 9호점,서울특별시 송파구 37길 18
5b80db0c-2c61-4898-bf43-b15eca680e9f,투썸플레이스,투썸플레이스 강남구 93호점,부천시 양천구 6길 75
bcc97c7c-d7c2-4e9d-96d4-f0a83dec5dc8,빽다방,빽다방 종로구 26호점,대전광역시 서대문구 100길 37
e52eae5c-4458-4da1-8cd8-e6d139b214f4,폴바셋,폴바셋 서초구 33호점,수원시 강남구 44길 75
fab4304d-9388-4d8b-934c-5798ff06891b,이디야,이디야 중구 23호점,광주광역시 성북구 57길 37
ea8b5284-2ac8-43e7-b956-91bb09371feb,커피빈,커피빈 서대문구 15호점,오산시 강남구 69길 22
59b12103-7c19-49cb-b006-52b22b7f767a,스타벅스,스타벅스 은평구 91호점,인천광역시 동작구 32길 75
7e637f33-4aa0-4273-9207-85d020149ee1,엔제리너스,엔제리너스 강서구 27호점,인천광역시 관악구 31길 15
4b822200-972e-45ad-ae23-c5dea451d915,매머드커피,매머드커피 용산구 83호점,의정부시 종로구 18길 95
ed0bf6f7-7123-4afb-a16f-22290f532ba5,스타벅스,스타벅스 동작구 43호점,남양주시 구로구 6길 22
30b9b2d4-c8e2-4e95-95ec-dcd7407b554a,셀렉토커피,셀렉토커피 구로구 14호점,오산시 강동구 68길 38
8fa44a25-1456-4610-9cde-f326709099ad,셀렉토커피,셀렉토커피 서초구 30호점,세종특별자치시 종로구 12길 35
100f253c-4029-442e-bcfe-dda9587bd2b3,컴포즈커피,컴포즈커피 중랑구 35호점,화성시 서대문구 56길 16
b93d2367-4696-4c4c-b97e-2ceee46fb3ca,더벤티,더벤티 구로구 53호점,과천시 은평구 85길 15
69029b3c-979f-456a-bdfd-3c772fc39fba,바나프레소,바나프레소 동대문구 47호점,화성시 강동구 5길 23
41f61684-051d-49d8-8c0e-d5bafc77b691,투썸플레이스,투썸플레이스 성동구 36호점,하남시 성동구 33길 87
7b0b9794-ea3e-468d-9cca-ab01d3b95849,투썸플레이스,투썸플레이스 서대문구 19호점,부산광역시 성북구 8길 89
52d26e9a-6a35-4f77-a064-27190e965daa,커피베이,커피베이 강남구 10호점,양주시 양천구 58길 13
e965e58e-e802-4a85-90f4-7ac4c0c1984c,더벤티,더벤티 은평구 5호점,대구광역시 관악구 76길 65
4ce4e23d-5827-4052-ae57-b916634b9624,디저트39,디저트39 송파구 19호점,하남시 동작구 61길 15
531f626a-7ef4-49d2-84b9-e9b177039f50,커피베이,커피베이 강동구 32호점,성남시 금천구 25길 38
fa7798f2-2845-46d3-8adc-9d13008cff0d,스타벅스,스타벅스 중랑구 57호점,이천시 중랑구 44길 21
63b192bb-3377-43db-bd37-3baa04909baa,컴포즈커피,컴포즈커피 금천구 81호점,여주시 종로구 18길 31
fa1f4294-fc97-41a1-8d80-19f04212e4ed,투썸플레이스,투썸플레이스 양천구 55호점,서울특별시 성동구 90길 98
c74bad2e-3ae9-4a60-bfd5-676951974f84,디저트39,디저트39 구로구 55호점,김포시 중랑구 82길 81
14b8ce7e-17e7-4e7b-a1b4-a4961340a979,더벤티,더벤티 관악구 50호점,안양시 강북구 78길 46
509f1571-4c24-4c9a-8f43-6745a68f574a,커피베이,커피베이 서대문구 47호점,부천시 동대문구 67길 35
15fbe718-7ee2-45be-a6e4-b80a652f5f01,바나프레소,바나프레소 은평구 12호점,대구광역시 동작구 32길 57
f9e4b43a-c5b3-467a-a66e-9bfdf1939fc2,아티제,아티제 마포구 56호점,광주광역시 서초구 11길 19
b25dcd42-d2a8-48e0-8016-bb587e918128,메가MGC커피,메가MGC커피 도봉구 10호점,동두천시 영등포구 32길 87
29ffd404-7b96-4e0d-a448-47ae8c326901,커피베이,커피베이 서초구 93호점,의정부시 노원구 49길 90
ad6fa1c1-6dd6-490c-a9b5-b52aadb36747,컴포즈커피,컴포즈커피 영등포구 97호점,세종특별자치시 성북구 31길 66
e256d070-6b5c-4d3e-bc6d-92303cce3ae8,떼루와,떼루와 금천구 59호점,광주광역시 동대문구 99길 35
6a24e3fc-6af8-48c4-ab0d-01918582dfc5,탐앤탐스,탐앤탐스 강동구 84호점,여주시 강북구 47길 10
304c5b25-7d21-4fd4-9213-991b90163c09,커피베이,커피베이 서초구 26호점,포천시 양천구 76길 5
18c68927-28a4-4e1f-98b7-964846275f3f,요거프레소,요거프레소 도봉구 97호점,대전광역시 은평구 68길 56
85dc42c2-348e-4ea9-90e5-ebd9aa131d77,더벤티,더벤티 동대문구 17호점,광주광역시 강남구 51길 5
9f8e2de1-3dc9-4140-9001-7f68f1de130a,할리스,할리스 관악구 7호점,인천광역시 마포구 51길 30
23a4a252-5b6e-45dd-95af-c89d5bb329f4,폴바셋,폴바셋 강동구 90호점,하남시 마포구 71길 19
6186ff5e-d8ae-47b7-8104-1b989f99352c,커피베이,커피베이 마포구 75호점,부천시 강동구 44길 50
d1572318-8dc3-485e-84e9-dc93c9bc8dc4,할리스,할리스 강서구 38호점,부천시 도봉구 96길 31
03e3c35a-eaf4-4523-811d-5208efe48d57,아티제,아티제 양천구 56호점,과천시 동작구 89길 45
92199284-c69c-40d2-a62d-7edd94582819,셀렉토커피,셀렉토커피 영등포구 38호점,대구광역시 성동구 10길 24
48a3d2d4-24df-4e53-835c-a14359ac064e,매머드커피,매머드커피 마포구 77호점,구리시 동작구 58길 77
6188b877-21e3-48c4-a1a9-d124e277f1e7,매머드커피,매머드커피 금천구 84호점,광주광역시 서초구 69길 78
f4faf572-731c-4d1a-a30f-aa99bd513f74,커피베이,커피베이 강북구 54호점,안산시 도봉구 47길 5
f90167ba-bf21-404d-911e-e280d759ee31,아티제,아티제 강서구 3호점,여주시 중랑구 41길 16
cff985e6-4a1c-4317-bdc6-1904e352b387,요거프레소,요거프레소 강동구 65호점,부천시 노원구 86길 74
7a53b059-300d-46b5-abca-64241d21a8b3,컴포즈커피,컴포즈커피 송파구 1호점,하남시 강북구 46길 50
254b2eac-bff2-4aba-8167-19294df9c876,메가MGC커피,메가MGC커피 종로구 67호점,의왕시 서대문구 10길 30
cbf33323-0679-4f4c-8dce-52a97c1e7879,스타벅스,스타벅스 성동구 50호점,구리시 동대문구 48길 39
eec593c0-02cb-474e-99b3-5d817b6476e9,스타벅스,스타벅스 금천구 22호점,울산광역시 성북구 81길 70
0d094f0a-720f-4020-829b-c3a1a8fbac15,메가MGC커피,메가MGC커피 강서구 49호점,세종특별자치시 중구 53길 66
f6e7617f-d9d7-4712-8289-67853aff0495,더벤티,더벤티 동대문구 72호점,여주시 종로구 17길 64
1057a455-3be8-4f6a-8869-25745151570a,만랩커피,만랩커피 성북구 56호점,성남시 용산구 40길 68
5009600a-f72c-4848-8bb0-d19ff08ccfd1,바나프레소,바나프레소 동작구 75호점,여주시 강서구 34길 31
b391d1c4-e87e-40d4-9af8-7ddb661279ca,탐앤탐스,탐앤탐스 은평구 88호점,용인시 강북구 82길 30
81b03a96-0b7e-4960-be40-502933ae1cc8,이디야,이디야 은평구 63호점,의정부시 양천구 49길 7
24d682ce-40c5-4a7b-816c-5844bca56872,폴바셋,폴바셋 서대문구 26호점,세종특별자치시 광진구 56길 91
ccc97a34-e8bb-4501-8644-6a74535c9160,더벤티,더벤티 성북구 31호점,의정부시 송파구 87길 94
3de76eb3-5cf0-4b8e-917b-5da4ff26a76e,엔제리너스,엔제리너스 강남구 82호점,부산광역시 은평구 26길 74
d60b6e88-a480-4b0d-89f8-938e4ae87303,스타벅스,스타벅스 서초구 15호점,군포시 동작구 71길 77
b91996bb-f221-4ea3-89a1-dc8d0550427c,셀렉토커피,셀렉토커피 중랑구 100호점,평택시 노원구 16길 21
8a096b44-d976-4435-891e-1e27bc4105e0,폴바셋,폴바셋 성북구 72호점,부산광역시 용산구 13길 44
85e008b4-046a-4f64-8162-2400935dcffb,요거프레소,요거프레소 동작구 59호점,광주광역시 중구 23길 49
2731acb0-2464-400c-a21b-80a2629e948f,스타벅스,스타벅스 성북구 3호점,안성시 동대문구 10길 77
3f2d2f5e-fadc-4bca-b910-3f9ee5d39f19,더벤티,더벤티 양천구 16호점,하남시 강북구 95길 15
21dfad0d-f8be-46b0-8a09-00da0f28acd2,더벤티,더벤티 동대문구 52호점,안성시 중구 42길 52
5e78cf39-4439-4cf7-8fd8-813894bca76f,만랩커피,만랩커피 마포구 17호점,광주광역시 양천구 21길 77
69cf52bc-1969-497c-b2d2-1ec46ee49bd9,떼루와,떼루와 관악구 33호점,부천시 노원구 79길 92
d28f84ce-8029-4610-ab4d-445ad3c02fb9,투썸플레이스,투썸플레이스 마포구 99호점,시흥시 송파구 13길 11
03eeac9a-d9a6-4965-a180-bd5e1bcfed1d,투썸플레이스,투썸플레이스 종로구 9호점,용인시 강북구 82길 87
d47abf57-26ac-4a85-b306-ec3c4420213b,매머드커피,매머드커피 송파구 12호점,군포시 영등포구 84길 15
e9b91adf-7b63-4af1-bba9-39bf38913d58,디저트39,디저트39 구로구 81호점,광주광역시 동대문구 57길 21
9c35ad5b-c031-4ae2-bcea-d82fa907684b,셀렉토커피,셀렉토커피 양천구 71호점,파주시 중구 62길 59
969ec1ce-23d5-416d-826d-58ab170579fa,엔제리너스,엔제리너스 용산구 3호점,여주시 서대문구 7길 96
9d0e8a26-ac61-4fe2-b790-456d447c9c57,스타벅스,스타벅스 송파구 57호점,의왕시 성북구 30길 77
0eb0c8cc-5b7f-49cd-b328-18639ac9fd8d,컴포즈커피,컴포즈커피 영등포구 11호점,광주광역시 노원구 45길 63
8b81ee70-bffb-4e52-8504-acd82be40347,이디야,이디야 강남구 62호점,울산광역시 종로구 32길 81
236d0d1f-5203-4aaf-81e9-06f605fb510e,폴바셋,폴바셋 강북구 36호점,평택시 중랑구 41길 46
b3e4a458-1862-406f-8752-82977dfc6e7f,매머드커피,매머드커피 중랑구 66호점,고양시 성동구 54길 96
4a028f8b-b8b2-416b-beb3-67df8887b8b0,폴바셋,폴바셋 노원구 24호점,용인시 서대문구 66길 77
0d867bb1-07f3-405d-b341-08eb1321f380,스타벅스,스타벅스 용산구 37호점,김포시 송파구 60길 65
4716ec07-2091-4724-8869-d76d98abf5a1,떼루와,떼루와 성동구 36호점,김포시 동대문구 62길 38
3053f8ae-b3c9-42cc-9e4b-09165940fc70,셀렉토커피,셀렉토커피 종로구 49호점,수원시 관악구 63길 49
a25976db-cd12-4130-9a7e-e61eef2b1369,엔제리너스,엔제리너스 서초구 99호점,구리시 서초구 85길 75
196d67e1-e30b-4979-945e-41b45409a442,컴포즈커피,컴포즈커피 노원구 19호점,울산광역시 강동구 1길 62
84221fa0-16eb-4d49-8af5-2cb4c145eabb,매머드커피,매머드커피 양천구 37호점,부천시 금천구 38길 1
472f1322-7c8a-4f83-b911-3829db1da56d,떼루와,떼루와 성동구 61호점,김포시 강북구 45길 55
97ceb862-7482-4a83-a90e-26a7681dc75e,할리스,할리스 성북구 33호점,울산광역시 성동구 44길 61
cddb24ca-6537-49b4-9edb-bfcceeab1cd2,폴바셋,폴바셋 성동구 61호점,파주시 강서구 77길 99
83d768c0-2e16-4ccb-b1be-00316ff1fbab,바나프레소,바나프레소 용산구 17호점,파주시 도봉구 31길 90
142276ee-e33f-458a-bef5-63d5b2b3fac5,아티제,아티제 동대문구 74호점,오산시 종로구 97길 93
fbdbb070-fe40-4513-ab28-ed7133e19b7b,커피빈,커피빈 성동구 41호점,세종특별자치시 종로구 77길 89
d19cea44-959e-4313-8c86-42181c4df8fd,바나프레소,바나프레소 관악구 80호점,평택시 관악구 32길 12
75c8268a-eb42-4193-bee2-38604c271cc8,요거프레소,요거프레소 마포구 51호점,울산광역시 금천구 51길 53
da41a6f6-146d-4008-a770-a58b0e5de2cc,매머드커피,매머드커피 강남구 91호점,과천시 강북구 32길 81
0aac76a3-ece3-4cb1-b485-c6659512cdbc,디저트39,디저트39 도봉구 37호점,남양주시 동작구 5길 2
35aa65f4-2a19-40d7-b0dc-dc13daadec68,컴포즈커피,컴포즈커피 노원구 82호점,오산시 강동구 6길 52
4485c867-d391-4c0c-b18b-3cf33490ff22,엔제리너스,엔제리너스 관악구 64호점,광주광역시 마포구 40길 50
811778c7-e573-443d-b7c7-21a229ca283d,빽다방,빽다방 구로구 96호점,포천시 구로구 54길 61
51770f9a-1733-4923-89eb-033d52a1c333,요거프레소,요거프레소 영등포구 76호점,인천광역시 중구 32길 64
773ee367-8a3e-4e79-8188-4a7213d40b2c,탐앤탐스,탐앤탐스 강남구 11호점,울산광역시 은평구 18길 93
a421c43b-baa7-4224-bb67-db2a55266463,만랩커피,만랩커피 송파구 49호점,시흥시 종로구 37길 15
d0f7d318-f250-48d4-ab8b-4b542edb3456,매머드커피,매머드커피 동대문구 87호점,남양주시 마포구 13길 62
182e5acf-b7c7-4aaa-a7f4-f8cbb2f1e63d,디저트39,디저트39 광진구 24호점,서울특별시 성동구 77길 52
43c7b06e-0dc6-4347-bde7-c0a9f654fafb,떼루와,떼루와 강북구 25호점,성남시 동대문구 99길 68
ff09aec3-a146-4b47-9fe9-18060566f11e,요거프레소,요거프레소 강북구 94호점,과천시 관악구 51길 66
9bda845e-5889-4a20-adde-3636ef6e670e,엔제리너스,엔제리너스 동작구 4호점,파주시 강동구 9길 15
4a8ef0ae-7afb-457e-b03c-3a311f30ddcb,매머드커피,매머드커피 영등포구 16호점,하남시 성북구 6길 77
28fede71-057d-46fc-a812-90fe0e390440,디저트39,디저트39 성동구 66호점,부천시 도봉구 100길 9
373ae181-b6a6-475b-9c96-b66b815425ea,빽다방,빽다방 강남구 87호점,대전광역시 용산구 22길 3
2b3bacdf-c12f-4f89-ab77-3a82dc4d7c3f,디저트39,디저트39 노원구 38호점,과천시 성북구 23길 28
8e1e7d5f-f51e-4960-919a-0d889e4bd029,커피빈,커피빈 중구 68호점,오산시 노원구 58길 72
3a633f8a-0103-4955-96f7-b38a3e70762d,투썸플레이스,투썸플레이스 강서구 87호점,부천시 중구 97길 22
b9abd320-3d5e-483c-806c-248445bd40b0,투썸플레이스,투썸플레이스 성북구 2호점,광주광역시 영등포구 26길 96
21e58fbc-d73c-4b0b-8ceb-10be2d9f2e3b,떼루와,떼루와 구로구 49호점,대전광역시 관악구 82길 26
20a245df-024e-484e-9574-13df3b86b873,탐앤탐스,탐앤탐스 중랑구 98호점,포천시 성동구 12길 63
3baaf5b8-cfe6-43a7-95b0-05d55e69b667,셀렉토커피,셀렉토커피 광진구 65호점,과천시 중구 3길 28
1ad084fb-a5db-4d45-919e-03b3dfa5a60d,아티제,아티제 금천구 72호점,서울특별시 송파구 90길 38
4173ba67-9cd5-431a-ad17-0c6740b6a176,요거프레소,요거프레소 서대문구 39호점,대구광역시 동대문구 95길 87
d8144f3d-eb14-48e4-ae63-f8583e669f8b,매머드커피,매머드커피 서대문구 32호점,인천광역시 동대문구 60길 46
0331db12-d97d-4ec8-98cd-f63eb8c596c9,이디야,이디야 관악구 7호점,남양주시 노원구 73길 25
453cb3e3-e354-4328-b85c-5fe18b01d321,스타벅스,스타벅스 종로구 75호점,고양시 영등포구 52길 43
b38ee7ae-fd3f-4817-8acb-35855256e8e4,엔제리너스,엔제리너스 관악구 72호점,포천시 동대문구 62길 34
4a4b6464-f1d1-47c0-b3d5-c13c870d893d,빽다방,빽다방 도봉구 97호점,오산시 중랑구 38길 64
652159d0-e89c-40e0-ab70-e2e235bfec54,요거프레소,요거프레소 양천구 100호점,김포시 용산구 69길 38
f5bf21cb-8928-4acd-aabe-9b2f534b0e3f,이디야,이디야 중랑구 93호점,광명시 성동구 63길 14
dfe2b950-ff77-4ff0-a445-091143e8166f,빽다방,빽다방 금천구 49호점,세종특별자치시 양천구 92길 31
619c2f68-54b1-447a-b515-e246989ea95f,빽다방,빽다방 영등포구 19호점,용인시 중구 74길 20
d0af99ed-1a5d-4972-941c-9cae63f1a881,컴포즈커피,컴포즈커피 중구 54호점,울산광역시 동대문구 57길 96
8690a78a-0bf3-4e5f-b253-3f71f5f02a10,메가MGC커피,메가MGC커피 서대문구 74호점,성남시 중구 23길 84
dea80815-73d6-4ad0-946e-28a31048c0d9,스타벅스,스타벅스 동대문구 86호점,고양시 관악구 33길 19
55dcc029-a2a3-4ebd-8e53-c47cc389b13a,이디야,이디야 노원구 3호점,수원시 동대문구 66길 47
70fc1777-088f-4ea9-bfbe-485b958804f4,탐앤탐스,탐앤탐스 관악구 16호점,오산시 종로구 58길 50
d264e105-6a96-492a-8f42-8fd75961c9ff,엔제리너스,엔제리너스 성동구 94호점,서울특별시 광진구 72길 35
b0549c00-9ec5-4e8f-86b7-b2260edb5cb5,매머드커피,매머드커피 동작구 90호점,과천시 강남구 97길 38
8e2c02b5-7630-49ec-9c0a-8bb98f2f4e31,더벤티,더벤티 중랑구 33호점,대구광역시 강동구 99길 21
ce34024f-c0d5-43de-b1f8-73ef085a60ef,컴포즈커피,컴포즈커피 성동구 45호점,세종특별자치시 영등포구 68길 94
c4944b80-678d-4c34-b808-bedbb1877cde,아티제,아티제 성북구 44호점,시흥시 영등포구 11길 32
51d364b9-4bec-405b-b899-b6dfccbb0648,매머드커피,매머드커피 서초구 21호점,울산광역시 동대문구 64길 48
ce63a480-b945-447e-93ad-f6ddebf209c7,투썸플레이스,투썸플레이스 동대문구 17호점,군포시 동대문구 56길 94
5ad68827-074b-4007-8bee-1220e532718e,엔제리너스,엔제리너스 관악구 43호점,시흥시 양천구 12길 29
c631f5a8-14bf-447e-a4bb-70cb3c9aa167,요거프레소,요거프레소 강북구 25호점,수원시 동대문구 98길 52
29fc9f76-2d4a-47ae-9c80-7690c7d77790,셀렉토커피,셀렉토커피 마포구 76호점,대구광역시 강서구 65길 31
155ebc00-db6f-4aa0-9d38-e2d41c57867c,바나프레소,바나프레소 양천구 66호점,동두천시 강북구 76길 62
90250181-0325-4290-a6b1-71d15de00cb1,커피베이,커피베이 강남구 25호점,시흥시 동대문구 79길 91
