id,name,gender,birthdate,address
aef1be19-eadc-438c-bdd7-305fbd8f0094,윤다은,Female,1967-5-26,오산시 금천구 27길 56
e0ac470d-a3c8-47ed-aae8-b136bf236f09,한하은,Male,2004-5-15,세종특별자치시 강동구 69길 57
03d31508-bab4-407c-a7c1-a07ba7fc6c7b,노수빈,Male,1974-8-2,하남시 강북구 44길 60
e200add7-0a15-4c0d-a768-9cc6816ff6f0,양서준,Male,1979-8-2,동두천시 광진구 67길 36
2d2557ec-61bb-449b-9c61-a66aad93d2a7,박예원,Male,1966-9-24,고양시 중구 38길 21
42052f66-9525-4e9b-9399-e20c0620a91d,노은우,Male,1998-9-17,안성시 강남구 81길 74
a44cde2a-3955-47cb-8ef9-ffdce4bd8470,정서윤,Male,1966-4-20,부천시 구로구 28길 35
f0adec92-c8bd-4861-98d0-9761db4c5696,최소율,Female,1964-1-1,안산시 강남구 10길 15
f296ec31-b2a5-4875-9d82-0fbcfde25734,박지원,Male,2005-9-18,포천시 도봉구 54길 49
a04e8f3b-ab16-4f11-adff-9ef4be5f67c0,전예은,Female,1992-7-18,대구광역시 강서구 60길 54
e1b76b94-0f8e-4cfa-adb9-d47726ff9c29,전하준,Male,2008-6-2,안산시 노원구 43길 98
29c46223-f4fd-4198-b6ee-9daec46e8d37,한서윤,Male,1991-1-21,안양시 은평구 77길 15
3651b2c5-d04f-4670-a49c-dab0dd9cbe42,윤소윤,Male,1970-1-6,광명시 중구 75길 9
f80e9ffd-91a1-4594-ba3a-a230158aba81,김하은,Male,1976-2-21,고양시 도봉구 85길 93
cb104c95-fc02-42fe-a6a9-1f05c667608c,김지아,Male,1994-7-9,남양주시 동작구 43길 12
16d31eec-bd4e-433b-bdf5-09906d2d4758,최지후,Female,2010-5-14,인천광역시 강남구 16길 37
d673dab8-e7d5-42e4-9ae8-6481063d39f0,강지유,Female,1996-10-18,대전광역시 송파구 73길 95
04d08dc9-d91f-40fc-8155-442eea1827c5,양서준,Male,1976-5-12,광주광역시 서대문구 56길 85
71392e93-3d7c-4fe9-962b-882e21fbc616,윤소윤,Male,1958-7-20,과천시 강서구 24길 7
4982ecaf-65db-4b30-bbeb-5766042bdb4e,한수빈,Male,1992-7-24,부산광역시 동작구 18길 33
347cd71a-ef7a-4eb0-9954-ed02fa04ffcc,노하은,Male,1998-10-26,부천시 관악구 58길 27
c5361e46-4613-46e3-b4c4-50d7bdb2cef8,강하윤,Male,1984-1-21,수원시 동대문구 98길 94
b3ae8420-3f2a-46d5-a195-ec0c592dc624,이예원,Male,1970-4-29,김포시 동대문구 1길 17
f563be53-3730-46cf-9097-ae9fc91ec54d,엄예은,Male,2005-5-3,서울특별시 영등포구 9길 59
b05a4d00-e0c0-43d9-b446-7fd9bf7cc9b5,박서진,Male,1993-6-12,파주시 구로구 9길 94
36dd2b66-4823-4075-9eb2-b6e149954f6c,박소율,Female,1996-7-31,안성시 광진구 91길 84
112f5ba6-ca2b-410e-8d12-8ecdbebfa0db,노시윤,Male,1978-3-14,수원시 금천구 80길 98
770665bb-18f2-4db1-b496-e9d9a08ea8e2,정시우,Female,1960-7-4,화성시 강북구 1길 52
5a11e3ea-2fda-447f-bfe2-9153dc57419a,강예은,Female,2003-10-17,광명시 관악구 29길 56
a963ea52-9af8-4899-a6da-933411ca8dc0,양하은,Female,1980-5-30,김포시 양천구 98길 1
7e0ea995-17dc-4416-8cd8-e1f67c97bd5a,정정우,Male,1957-6-9,오산시 용산구 19길 91
81b6737d-f4e1-4401-8e02-23b89b168f65,윤하은,Female,1960-3-31,광주광역시 노원구 13길 95
779b7fbd-c1bb-4fe6-8e9f-47354c205221,노소윤,Female,2006-5-21,군포시 동대문구 81길 67
d6f0aeef-f19b-4a48-ab21-db9b23c1db87,한주원,Female,1952-5-27,오산시 관악구 61길 61
ac1631cc-abe0-4ca5-ab6d-a22be49b954d,김지윤,Female,1979-8-13,대구광역시 용산구 61길 61
1f5afa6c-a07b-4bb8-99bc-f70d6fe74f44,윤지훈,Female,1977-1-22,서울특별시 성동구 77길 17
fe0ecdd0-acbc-405e-b286-f61de1d9e9bd,강우진,Female,1977-1-2,광명시 중랑구 97길 29
62e563c8-ce90-4baa-ba8f-34f08b7483b9,전유준,Female,1999-1-22,남양주시 동작구 95길 68
675b6a9f-be6e-4605-9308-93edce610efb,최건우,Male,1954-12-11,구리시 성북구 24길 48
55450e74-1ce4-4c6f-9749-f8fc680c07cc,엄준우,Female,1997-8-6,남양주시 은평구 85길 34
9810dcb5-407e-4e39-a8f1-e09bdf750822,윤우진,Male,1992-11-8,의왕시 동작구 52길 44
a5cd83f9-6968-47ea-9024-9db8b4423227,이준우,Female,1993-1-5,울산광역시 은평구 30길 9
f8c6e89c-5d32-4a4d-b162-fa417b0a51c9,한정우,Female,1976-10-25,의정부시 강남구 65길 44
bf5fc64f-846f-47aa-addb-365426c77364,최건우,Male,1959-4-25,동두천시 성북구 21길 57
6eef1435-4732-493b-a357-66b4d9a9dfbd,양유준,Female,1952-9-2,부천시 용산구 46길 32
4a8b0843-1e70-404c-a2f1-adb6d0348f76,정민재,Female,1955-9-13,남양주시 중구 77길 29
d3b0b58e-32fd-4b7f-8b2b-55a8bcea3129,최예원,Female,1979-6-1,화성시 은평구 3길 11
d8d63214-6156-4181-8d45-2ffd7e73d86b,양하윤,Female,1964-2-14,대전광역시 강서구 31길 95
7b4961e5-6b19-4354-a683-18b8c6dd2f82,한현우,Male,1989-12-20,광주광역시 강북구 51길 100
e4d982d1-4602-423d-a3c7-f26008cf5822,이서진,Female,1968-2-29,용인시 구로구 10길 44
45838459-55a3-479c-9fee-9447591be297,박민서,Female,2003-5-2,여주시 강북구 31길 70
2f99e826-12df-42e8-b3d5-d02b4355a0dd,엄지유,Female,2004-9-9,광주광역시 금천구 42길 41
ad5a09d9-c165-41fd-a0e9-c3e4726abc92,한지아,Female,1977-7-14,광주광역시 종로구 85길 75
28f639a3-e2fe-4eeb-be6b-e31446c11fad,박서연,Male,1977-7-15,서울특별시 중랑구 16길 85
c597f7f0-c7ae-489a-8d79-07c4578403ef,이하은,Male,1953-4-21,의정부시 구로구 56길 46
4413d5e0-4472-4726-90c5-d87259d992a8,노은서,Male,1963-6-4,세종특별자치시 송파구 98길 78
4ce00ab6-32fe-4bf9-8359-06ff1d15c037,강도윤,Male,1999-11-15,의왕시 성동구 29길 13
d2347a7b-b957-499d-a352-61d987c8f1ec,최도현,Female,2004-6-14,안산시 은평구 64길 45
afeb4b81-cd16-429b-a1e3-a060e5e65f51,이소윤,Female,1985-5-12,서울특별시 강남구 88길 84
3b17875d-a51a-4eba-9f7f-725f22e63255,전민준,Female,1998-1-19,시흥시 동대문구 92길 24
da0ffaba-ac9c-4b04-ba82-afca28151d4d,김예원,Male,1984-6-20,고양시 동대문구 73길 82
b982ade0-7c8e-456e-92e0-5c085d27e957,박채원,Male,1996-10-11,인천광역시 강남구 79길 18
169fd819-6821-4afb-91c0-5f9480772446,한지안,Female,1991-4-3,대구광역시 성북구 19길 40
60a6f374-e9bb-4ff7-b0b6-78de237524ab,한채원,Male,1993-12-24,성남시 강서구 65길 48
d51edfe1-5c85-4cdc-ab45-ad57d48087aa,엄은서,Male,1996-2-25,안양시 서초구 77길 27
c40fc798-2783-42f8-b967-5b11683d7201,김민서,Male,2001-6-8,안산시 동작구 60길 4
b15d4ee6-5e84-4154-94a6-ea36b8a71694,노지호,Female,2010-8-24,여주시 구로구 13길 10
abebab2c-f002-4cf3-8227-9950fa05eb8c,최수아,Female,1981-8-17,안산시 중구 10길 38
6d129f82-e7d1-4d0d-81fe-c53d32e25643,윤예린,Female,1975-7-29,고양시 중구 30길 29
e09cfcaf-192d-4a73-a010-51d4dd7a9621,노지후,Male,2007-10-16,평택시 중랑구 62길 3
35c369cd-519c-4f7f-80f8-8c9cbab047c4,강다은,Male,1997-11-10,군포시 중랑구 84길 41
fb4eee33-3701-47f3-a12f-e3009b16b536,최유준,Male,1976-10-23,성남시 노원구 19길 5
7cb7f729-b08d-425f-b61d-07e22c8b137d,박현준,Female,1985-7-23,고양시 관악구 41길 67
5019299e-b89b-454f-b812-21576e805af7,박지원,Female,2000-10-31,광주광역시 동작구 28길 58
38b42ff8-209c-4d78-8b73-3e679c45651a,엄하은,Female,1999-9-1,안양시 영등포구 95길 80
7b528b19-120c-45cb-9240-0beec77d03aa,한수빈,Male,1965-4-22,대구광역시 강동구 66길 91
1946812b-5865-48fb-a9c9-7721c084b2ac,엄지후,Female,2005-4-21,오산시 송파구 40길 8
9eb9ba76-460f-47e5-80fe-7bbbfe587ba0,최지아,Female,1961-3-27,광주광역시 서대문구 77길 27
857b2b3d-937b-4fb0-96a0-e4d1b512486b,최소윤,Female,1992-6-1,오산시 강북구 94길 87
2c333b84-b5d1-40b0-b586-dfff10e7329c,엄예린,Female,1966-3-6,인천광역시 양천구 93길 91
a2c697cc-ae2f-4bf3-9069-8894bbff578a,윤서진,Male,1980-9-18,서울특별시 동작구 26길 19
79b94e75-9ed7-4ac4-b594-194bb704bcf7,양유준,Female,1983-7-6,안산시 도봉구 22길 80
61754442-7eeb-4bb3-91d3-83c9c23d3914,이예은,Male,1954-4-29,대전광역시 동작구 94길 37
d2917446-63b6-4d8b-85e6-bdd80032f277,윤윤서,Female,1970-8-13,하남시 성동구 29길 55
0acf1cfc-5242-413e-8a4d-038c5bfd41e9,노다은,Male,1981-6-24,과천시 관악구 63길 26
6534a853-b053-4062-adef-6059599b1c5d,한하준,Male,2007-3-21,포천시 종로구 96길 33
e014cbc3-f78c-4e70-b97b-b3d3dbf25e5e,노수아,Male,2009-3-27,과천시 금천구 46길 43
1f6950dd-d3b4-4f4e-b43c-3455e80a9a5e,한연우,Male,1957-8-6,안성시 동대문구 9길 72
9ae9428e-d849-4828-b641-c91efbbe1c4e,박지유,Male,1954-12-29,군포시 중구 7길 83
83667910-b89f-4a65-a734-d79e2e736524,김수아,Male,1984-10-22,여주시 노원구 37길 46
d045ae52-8460-48b9-b305-b76114eacb9a,한도윤,Male,1951-11-10,부천시 서대문구 42길 45
af012808-cc6f-47c0-8af8-941cc09d6397,한소윤,Female,1968-11-12,고양시 관악구 19길 98
ff5258d2-0200-4ec7-9eae-31b27d8ba7a8,전예린,Female,1960-3-3,이천시 강북구 52길 16
0c4a18d5-374b-42b9-bc36-36fe4abcef4f,전다은,Female,1978-5-28,용인시 강동구 14길 37
84464753-6384-4333-80c0-e5268be1ec41,강시윤,Female,1990-9-8,오산시 마포구 96길 12
c62c957a-aac0-4573-9445-e3fae041fb9a,전주원,Female,2009-10-21,안성시 양천구 72길 99
5896c5de-b8fd-4856-b8e9-ffb669fc888a,정유준,Female,1984-8-7,대전광역시 종로구 87길 34
7dfa37f6-841d-41da-ae02-41605fae0c2e,박유준,Male,1950-1-17,안양시 동작구 43길 53
f7fa0d29-323b-400a-bbd8-7bee9f02828e,이하은,Female,1951-7-5,과천시 강서구 33길 83
32c497f4-075a-4e87-b5ca-5289a9614503,노하린,Female,1975-6-7,포천시 중구 50길 67
