"72f62750-2fff-45de-ada7-e5d8ec0fafcb, 강서준, Female, 1956-12-7, 부산광역시 구로구 77길 22"
"fdf87f0a-eca3-4a8c-87f9-4034c354d388, 최서연, Female, 1964-7-8, 울산광역시 송파구 26길 43"
"d243949f-3e37-4108-875c-a46831c634ea, 이민재, Female, 2007-5-13, 의왕시 서대문구 76길 40"
"12c898c7-e21f-458c-a1cc-77cc445c4c16, 한채원, Male, 1994-9-1, 이천시 동대문구 56길 38"
"fc1d0c5a-6819-424b-92fc-52c62e7b575c, 정지윤, Male, 2010-11-13, 의정부시 노원구 31길 75"
"7bc139c8-ee4a-4b3d-8729-bf3fdf33737b, 노민재, Male, 2002-2-2, 광명시 도봉구 21길 3"
"188c6190-f665-49ca-bd63-783417eb2180, 엄민재, Female, 1990-9-26, 과천시 서초구 86길 73"
"9b4c6962-5046-4c60-8a51-f5fd8a3986eb, 이유준, Female, 2006-6-2, 의정부시 강북구 12길 78"
"39e25fb3-d084-4fed-b8e1-e92f0904d72d, 김민재, Male, 2009-11-1, 군포시 광진구 22길 33"
"14dcc1d1-2d97-4973-8502-178074b66fbe, 김연우, Male, 1952-1-18, 광주광역시 종로구 95길 26"
